Series Name,Series Code,Country Name,Country Code,2015 [YR2015],2017 [YR2017],2018 [YR2018],2019 [YR2019],2020 [YR2020],2021 [YR2021],2022 [YR2022],2023 [YR2023],2024 [YR2024]
Ratio of female to male labor force participation rate (%) (modeled ILO estimate),SL.TLF.CACT.FM.ZS,Afghanistan,AFG,25.3797737292187,28.9369354640945,27.7516251961444,26.3753998674313,24.6786516853933,21.7958625609321,7.34638661445354,7.3398544843592,7.3046813504501
Ratio of female to male labor force participation rate (%) (modeled ILO estimate),SL.TLF.CACT.FM.ZS,Albania,ALB,73.3243070793843,74.509745172357,76.119049381802,77.8336568437151,77.5605271222801,78.4218003748262,78.2252489446512,78.2640032948929,78.5070860596813
Ratio of female to male labor force participation rate (%) (modeled ILO estimate),SL.TLF.CACT.FM.ZS,Algeria,DZA,22.3216766852412,21.732212198184,21.5203535434564,21.3306298684249,21.2488538704213,21.3636433785515,20.8433788400953,21.0623584118278,21.035219104334
Ratio of female to male labor force participation rate (%) (modeled ILO estimate),SL.TLF.CACT.FM.ZS,American Samoa,ASM,..,..,..,..,..,..,..,..,..
Ratio of female to male labor force participation rate (%) (modeled ILO estimate),SL.TLF.CACT.FM.ZS,Andorra,AND,..,..,..,..,..,..,..,..,..
Ratio of female to male labor force participation rate (%) (modeled ILO estimate),SL.TLF.CACT.FM.ZS,Angola,AGO,94.1138281757195,94.3452686735847,94.4679533491588,94.5940691585878,94.6734701847103,95.6034813771919,93.6175928768806,93.4027246288076,93.3074783762407
Ratio of female to male labor force participation rate (%) (modeled ILO estimate),SL.TLF.CACT.FM.ZS,Antigua and Barbuda,ATG,..,..,..,..,..,..,..,..,..
Ratio of female to male labor force participation rate (%) (modeled ILO estimate),SL.TLF.CACT.FM.ZS,Argentina,ARG,66.451215758695,67.6939245036498,69.7442738341895,70.4413857229399,70.5134622677285,70.9526229600768,72.5903740920605,73.6086400533748,73.7287073276042
Ratio of female to male labor force participation rate (%) (modeled ILO estimate),SL.TLF.CACT.FM.ZS,Armenia,ARM,80.4573535129531,80.6151367370132,80.6632777961782,82.8334479202475,84.9431901588327,84.3142927400807,82.6652126499455,82.9804334166265,82.9866729428378
Ratio of female to male labor force participation rate (%) (modeled ILO estimate),SL.TLF.CACT.FM.ZS,Aruba,ABW,..,..,..,..,..,..,..,..,..
Ratio of female to male labor force participation rate (%) (modeled ILO estimate),SL.TLF.CACT.FM.ZS,Australia,AUS,83.1052602000674,84.5827859473662,85.1549089681178,85.5829168304599,85.8110034207526,86.5340074567846,87.4815740337774,87.441821342455,87.5638937257766
Ratio of female to male labor force participation rate (%) (modeled ILO estimate),SL.TLF.CACT.FM.ZS,Austria,AUT,83.1619342312826,83.5577561741441,83.1198824270418,83.4245010819909,83.9908745247148,83.654500113353,83.9623068224651,84.3973990624527,84.4047709488718
Ratio of female to male labor force participation rate (%) (modeled ILO estimate),SL.TLF.CACT.FM.ZS,Azerbaijan,AZE,92.1452702702703,91.2414753978148,91.4974433893353,91.4359785569909,91.5453304515982,91.9850799180012,92.0419835898664,91.8754333604655,91.8433186736262
Ratio of female to male labor force participation rate (%) (modeled ILO estimate),SL.TLF.CACT.FM.ZS,"Bahamas, The",BHS,84.0212055265955,83.9745937140909,84.280809814712,84.0727813409609,84.0372254954472,84.5348532494759,84.5650677071379,85.252372983124,85.0959815715383
Ratio of female to male labor force participation rate (%) (modeled ILO estimate),SL.TLF.CACT.FM.ZS,Bahrain,BHR,50.0247995847511,49.8950290821068,49.7238584042345,49.3278346715202,49.0476640593615,49.2957746478873,49.8493448251699,50.0825101685067,49.9854564916404
Ratio of female to male labor force participation rate (%) (modeled ILO estimate),SL.TLF.CACT.FM.ZS,Bangladesh,BGD,41.5316587395957,45.0526367511393,46.9184327254805,48.6207492653051,50.1122369253283,52.03519811228,53.6787653896248,53.9008841264165,54.5482623574614
Ratio of female to male labor force participation rate (%) (modeled ILO estimate),SL.TLF.CACT.FM.ZS,Barbados,BRB,88.7207347044367,88.9972660477302,87.6711159176936,89.723262558109,89.5966344230969,89.8788363550184,88.6262047253449,89.7667890949267,89.6559488426551
Ratio of female to male labor force participation rate (%) (modeled ILO estimate),SL.TLF.CACT.FM.ZS,Belarus,BLR,82.6565561177747,81.9173636948555,80.6890992230608,81.6306510832703,81.1023732424969,81.4960021359414,81.0766881051466,81.0579843209266,81.0677676537586
Ratio of female to male labor force participation rate (%) (modeled ILO estimate),SL.TLF.CACT.FM.ZS,Belgium,BEL,81.4957424432609,81.3808312128923,82.9520521150477,83.3452162694371,83.4576794443015,83.7722721873409,84.3332265731672,84.2294754990619,84.4704166101235
Ratio of female to male labor force participation rate (%) (modeled ILO estimate),SL.TLF.CACT.FM.ZS,Belize,BLZ,60.7131622985266,61.4101706889374,65.4599200999369,69.3808858375357,66.2890322580645,64.2268000159382,64.9159468129001,65.6477749005579,65.8257310254421
Ratio of female to male labor force participation rate (%) (modeled ILO estimate),SL.TLF.CACT.FM.ZS,Benin,BEN,95.9223637235573,96.9605024313331,97.4615465933717,97.9532934447402,97.0430178340929,96.8820435762585,96.0451100592328,96.324044978835,96.4618998792944
Ratio of female to male labor force participation rate (%) (modeled ILO estimate),SL.TLF.CACT.FM.ZS,Bermuda,BMU,..,..,..,..,..,..,..,..,..
Ratio of female to male labor force participation rate (%) (modeled ILO estimate),SL.TLF.CACT.FM.ZS,Bhutan,BTN,78.5899103683902,78.9227402309442,79.0958084697519,85.1535069239628,87.6086382156217,89.3277912354107,72.8186709562902,78.4740124740125,78.2342427223477
Ratio of female to male labor force participation rate (%) (modeled ILO estimate),SL.TLF.CACT.FM.ZS,Bolivia,BOL,73.1727340362759,75.6807968555955,79.4467638309042,80.737869757578,81.8393931075787,84.0356209420864,84.4956582187504,84.7314032545041,85.2431821925222
Ratio of female to male labor force participation rate (%) (modeled ILO estimate),SL.TLF.CACT.FM.ZS,Bosnia and Herzegovina,BIH,62.7543210663945,62.9259259259259,63.0637346254193,63.1507632030038,62.8143929417962,63.4001815630932,63.7017323459402,65.2090721649485,65.3413514901513
Ratio of female to male labor force participation rate (%) (modeled ILO estimate),SL.TLF.CACT.FM.ZS,Botswana,BWA,82.446683852824,83.2961358365061,83.7068601928475,84.1229583037435,84.3038087991765,85.3034820110568,86.4019722330349,86.653459935788,86.8831469550649
Ratio of female to male labor force participation rate (%) (modeled ILO estimate),SL.TLF.CACT.FM.ZS,Brazil,BRA,70.430590410778,72.3163916977116,72.8903193066332,73.823030820775,70.7978790734308,71.9779466220479,73.1152436541333,72.7679304119481,72.7704362383873
Ratio of female to male labor force participation rate (%) (modeled ILO estimate),SL.TLF.CACT.FM.ZS,British Virgin Islands,VGB,..,..,..,..,..,..,..,..,..
Ratio of female to male labor force participation rate (%) (modeled ILO estimate),SL.TLF.CACT.FM.ZS,Brunei Darussalam,BRN,78.6380891038906,79.8707256046706,77.9792221126437,75.1580096921712,75.5016745550666,76.3212146538515,73.4573558580124,73.2353705755996,72.9098411218797
Ratio of female to male labor force participation rate (%) (modeled ILO estimate),SL.TLF.CACT.FM.ZS,Bulgaria,BGR,81.0583753389563,80.4384841163021,79.3695627612699,79.2160883280757,78.6495884642379,78.9417750869509,80.1243415120308,80.8243472202429,80.8414331999238
Ratio of female to male labor force participation rate (%) (modeled ILO estimate),SL.TLF.CACT.FM.ZS,Burkina Faso,BFA,77.8337390525756,77.6375818715651,77.5806173748258,77.5686440954651,77.2634468559664,77.0836664712258,76.7637167648316,76.8389125621034,76.6886649591505
Ratio of female to male labor force participation rate (%) (modeled ILO estimate),SL.TLF.CACT.FM.ZS,Burundi,BDI,103.376995497339,102.595120717988,102.689022461246,103.009097270819,100.029286305469,103.479759271642,103.113209968432,103.213425550275,103.300910596027
Ratio of female to male labor force participation rate (%) (modeled ILO estimate),SL.TLF.CACT.FM.ZS,Cabo Verde,CPV,78.0709283939462,78.5977525374577,77.9516449688963,78.388591689475,78.1815232378944,78.8170985374978,77.8323832999538,78.2648515235715,78.2166218672799
Ratio of female to male labor force participation rate (%) (modeled ILO estimate),SL.TLF.CACT.FM.ZS,Cambodia,KHM,85.0176596607029,87.9883475917973,87.877956177668,87.7839876408579,87.7698333181528,85.9122590270169,85.5257379284839,85.5646019336633,85.5412907702984
Ratio of female to male labor force participation rate (%) (modeled ILO estimate),SL.TLF.CACT.FM.ZS,Cameroon,CMR,85.4491704216915,82.6887370126022,81.2852564951402,79.9301826709126,78.4206115331585,77.4551966463621,76.841709116813,76.9286685422752,76.3045268600899
Ratio of female to male labor force participation rate (%) (modeled ILO estimate),SL.TLF.CACT.FM.ZS,Canada,CAN,85.9420371571143,86.458937950366,86.7878598069641,86.913275441285,86.147663470048,86.7912915277042,87.7809251297684,87.7189961689122,87.7415181138585
Ratio of female to male labor force participation rate (%) (modeled ILO estimate),SL.TLF.CACT.FM.ZS,Cayman Islands,CYM,..,..,..,..,..,..,..,..,..
Ratio of female to male labor force participation rate (%) (modeled ILO estimate),SL.TLF.CACT.FM.ZS,Central African Republic,CAF,79.6167923019124,79.6004409929611,79.5821727019499,79.6050799646485,79.6047005936821,79.9458426250398,79.4953557753862,79.4404362618536,79.374426799247
Ratio of female to male labor force participation rate (%) (modeled ILO estimate),SL.TLF.CACT.FM.ZS,Chad,TCD,69.3030024299502,68.2526239795635,67.7236930294906,67.8478038957952,67.8483693350275,68.1566299123551,67.1727748691099,67.3032807274536,67.0532711444508
Ratio of female to male labor force participation rate (%) (modeled ILO estimate),SL.TLF.CACT.FM.ZS,Channel Islands,CHI,76.4850526064797,78.0636996414259,78.5053520870868,79.0992280402576,78.9954760912193,79.3083334612492,79.4403330249769,78.7211902839038,78.650720542085
Ratio of female to male labor force participation rate (%) (modeled ILO estimate),SL.TLF.CACT.FM.ZS,Chile,CHL,67.6173795890872,69.5261899002929,70.6043993049475,71.4192699502177,67.3065244760424,67.7276296274755,70.9759800235518,72.8824494719273,73.0823284706411
Ratio of female to male labor force participation rate (%) (modeled ILO estimate),SL.TLF.CACT.FM.ZS,China,CHN,82.459377182694,82.9350301406564,83.2044243719069,83.4623351139213,83.2981090100111,83.9026865426021,83.6660287482364,83.7309346890888,83.7568377089984
Ratio of female to male labor force participation rate (%) (modeled ILO estimate),SL.TLF.CACT.FM.ZS,Colombia,COL,69.6705291959299,69.4958821423091,68.4819097351734,68.2656730418469,67.0260062163119,66.6490411276906,67.0608375032921,68.0555373289065,68.0381453469253
Ratio of female to male labor force participation rate (%) (modeled ILO estimate),SL.TLF.CACT.FM.ZS,Comoros,COM,59.5047993402004,62.8778571799353,64.7933428664955,66.6426636491445,67.7887822650998,69.3074164298281,68.7227757472588,68.9047060793837,69.27429315352
Ratio of female to male labor force participation rate (%) (modeled ILO estimate),SL.TLF.CACT.FM.ZS,"Congo, Dem. Rep.",COD,89.5345836200964,89.785332490373,89.7178143175127,89.5528595193025,90.3121862026588,89.9032151047902,90.4799222139986,90.8519603983494,90.9240827763346
Ratio of female to male labor force participation rate (%) (modeled ILO estimate),SL.TLF.CACT.FM.ZS,"Congo, Rep.",COG,95.4778768674906,95.1727787630871,95.233393434647,95.4184580108914,95.4188213983113,95.9398846624337,95.1374237531396,95.1889689212845,95.1372841703386
Ratio of female to male labor force participation rate (%) (modeled ILO estimate),SL.TLF.CACT.FM.ZS,Costa Rica,CRI,65.8268462023985,61.7658535272669,63.7933294876501,69.1601411351146,66.5699464845407,68.1463699122486,68.7452149185169,62.9118566189586,62.7353021171822
Ratio of female to male labor force participation rate (%) (modeled ILO estimate),SL.TLF.CACT.FM.ZS,Cote d'Ivoire,CIV,79.7651273349225,77.4095412448848,77.3038842345773,77.2093790373567,77.5841519049772,78.3586103043993,78.9305986933705,79.2439621981099,79.2781018849113
Ratio of female to male labor force participation rate (%) (modeled ILO estimate),SL.TLF.CACT.FM.ZS,Croatia,HRV,78.8830892413723,77.7520337761302,78.6123045346228,77.8132039507884,76.423183325601,77.736748064324,79.532857602929,81.4766167778507,81.5907276954575
Ratio of female to male labor force participation rate (%) (modeled ILO estimate),SL.TLF.CACT.FM.ZS,Cuba,CUB,64.6761721718142,64.90017659912,65.1155447971012,64.8730259383398,64.2060727521433,63.8688493535606,61.2252006663638,60.7088038175712,60.3330382490308
Ratio of female to male labor force participation rate (%) (modeled ILO estimate),SL.TLF.CACT.FM.ZS,Curacao,CUW,..,..,..,..,..,..,..,..,..
Ratio of female to male labor force participation rate (%) (modeled ILO estimate),SL.TLF.CACT.FM.ZS,Cyprus,CYP,85.4498922803314,84.4483618539857,83.8907100749891,83.3835139372581,81.6047318306823,81.1454741232434,82.7451510441306,85.2482056600169,85.4260488672918
Ratio of female to male labor force participation rate (%) (modeled ILO estimate),SL.TLF.CACT.FM.ZS,Czechia,CZE,75.3226304869256,76.1844894379066,76.6803320543308,76.591880967723,75.8962938929609,76.1622667710626,76.8996154356186,78.3685907344433,78.4801514524049
Ratio of female to male labor force participation rate (%) (modeled ILO estimate),SL.TLF.CACT.FM.ZS,Denmark,DNK,85.978579856594,87.4755707727968,87.006852002777,86.7499402342816,86.9964058528956,86.4803838554897,88.1597062872877,88.2339057060247,88.2173219978746
Ratio of female to male labor force participation rate (%) (modeled ILO estimate),SL.TLF.CACT.FM.ZS,Djibouti,DJI,37.2567423815781,38.724684692375,39.5329243000346,40.3450462466928,40.1788109074653,40.6785331905782,40.4757747708424,40.6519466945388,40.8508501953594
Ratio of female to male labor force participation rate (%) (modeled ILO estimate),SL.TLF.CACT.FM.ZS,Dominica,DMA,..,..,..,..,..,..,..,..,..
Ratio of female to male labor force participation rate (%) (modeled ILO estimate),SL.TLF.CACT.FM.ZS,Dominican Republic,DOM,63.2006509442629,64.4295743170405,64.7944128751272,67.2180431890287,64.3572689018596,67.5088916213822,66.1200110029734,68.664058718093,69.1563492789813
Ratio of female to male labor force participation rate (%) (modeled ILO estimate),SL.TLF.CACT.FM.ZS,Ecuador,ECU,65.1393647327535,69.9043020520925,68.9100820885139,69.5949749258008,66.9326586220319,68.5956190772099,69.6275743483528,68.4615986234945,68.4813267171585
Ratio of female to male labor force participation rate (%) (modeled ILO estimate),SL.TLF.CACT.FM.ZS,"Egypt, Arab Rep.",EGY,32.1445681273778,32.8267881980409,27.0661551802696,23.1900799859622,21.3363516868702,22.200703473221,21.6771971766849,21.8029469604127,21.5484941223579
Ratio of female to male labor force participation rate (%) (modeled ILO estimate),SL.TLF.CACT.FM.ZS,El Salvador,SLV,60.4374983245315,60.038825656845,60.008013890744,60.3871459151378,59.9585463589885,59.90831644077,60.1854152228775,60.8435778978415,60.7642367390484
Ratio of female to male labor force participation rate (%) (modeled ILO estimate),SL.TLF.CACT.FM.ZS,Equatorial Guinea,GNQ,79.572594916943,79.6340740740741,79.8000622951306,80.0875273522976,79.8507697635614,80.3092236645032,79.5979584527221,79.2348174505876,79.2134662742507
Ratio of female to male labor force participation rate (%) (modeled ILO estimate),SL.TLF.CACT.FM.ZS,Eritrea,ERI,85.2994173121475,85.298429564993,85.6073574725807,85.9674966736362,85.9378008858078,86.1573636265696,85.8658501851324,85.8537337508303,85.8027400510053
Ratio of female to male labor force participation rate (%) (modeled ILO estimate),SL.TLF.CACT.FM.ZS,Estonia,EST,80.8466513907823,80.8389347400664,81.0163642278263,82.073743272644,81.8418828517813,83.2857637087009,84.9514768826546,86.2420184212013,86.3466015558458
Ratio of female to male labor force participation rate (%) (modeled ILO estimate),SL.TLF.CACT.FM.ZS,Eswatini,SWZ,83.5124489832291,85.3432655526475,86.3692319170366,87.4579236635415,87.5191617347434,88.4598926320703,88.8092275483399,89.6572387344199,90.3329168513966
Ratio of female to male labor force participation rate (%) (modeled ILO estimate),SL.TLF.CACT.FM.ZS,Ethiopia,ETH,81.6618544218321,79.0599109238063,77.6589546260105,76.1796370347585,74.3790652703483,72.7329019865541,72.9539398553483,73.2254524107302,73.1567114608349
Ratio of female to male labor force participation rate (%) (modeled ILO estimate),SL.TLF.CACT.FM.ZS,Faroe Islands,FRO,..,..,..,..,..,..,..,..,..
Ratio of female to male labor force participation rate (%) (modeled ILO estimate),SL.TLF.CACT.FM.ZS,Fiji,FJI,52.2061317677756,50.1922801162806,50.2912291699316,50.2772812088156,50.1858344096792,50.3482717834144,50.2598299058361,50.2781432796154,50.1805760179403
Ratio of female to male labor force participation rate (%) (modeled ILO estimate),SL.TLF.CACT.FM.ZS,Finland,FIN,88.968640107905,88.0997742591377,88.281547241598,88.6183131993188,88.0531750211455,87.731379807994,89.9166261049789,91.0183338083025,90.9963719323817
Ratio of female to male labor force participation rate (%) (modeled ILO estimate),SL.TLF.CACT.FM.ZS,France,FRA,83.9113394592102,83.9262623918305,84.3999667801678,84.8348222516468,85.0033967391304,86.2002706812144,86.1945196829459,86.6684504498478,86.7560897812547
Ratio of female to male labor force participation rate (%) (modeled ILO estimate),SL.TLF.CACT.FM.ZS,French Polynesia,PYF,77.8608468806668,78.7394606423376,78.8802876206517,79.0847219728746,79.0002157568918,79.1998799319614,78.2923444736094,78.2089400952799,78.1117198300138
Ratio of female to male labor force participation rate (%) (modeled ILO estimate),SL.TLF.CACT.FM.ZS,Gabon,GAB,70.1410937738764,69.8570925966258,69.6460677898382,69.5247419601075,69.3724710726202,69.846591308011,69.3486970630112,69.3957728968089,69.4343262977563
Ratio of female to male labor force participation rate (%) (modeled ILO estimate),SL.TLF.CACT.FM.ZS,"Gambia, The",GMB,86.7240010072249,87.0241609695463,88.2231729335113,89.1969445104093,88.6394075474671,89.1059740157013,89.6091515729266,90.625375585914,90.766760337214
Ratio of female to male labor force participation rate (%) (modeled ILO estimate),SL.TLF.CACT.FM.ZS,Georgia,GEO,73.5239611447619,73.3655049612263,75.5035420645563,75.1015702207093,75.3007611097471,75.4730702867654,75.4215643194551,75.599236274227,75.7040993310024
Ratio of female to male labor force participation rate (%) (modeled ILO estimate),SL.TLF.CACT.FM.ZS,Germany,DEU,82.1639324469129,83.0454100459372,82.7453390084527,83.0003426749505,83.4425956486851,83.3873901182176,83.6379774638564,83.8709677419355,83.8790894014775
Ratio of female to male labor force participation rate (%) (modeled ILO estimate),SL.TLF.CACT.FM.ZS,Ghana,GHA,88.4709018455805,90.351642782736,91.411368360691,92.5109167116966,93.1968918898687,94.4232110898778,94.9921632502535,95.0371292837046,95.2780660048629
Ratio of female to male labor force participation rate (%) (modeled ILO estimate),SL.TLF.CACT.FM.ZS,Gibraltar,GIB,..,..,..,..,..,..,..,..,..
Ratio of female to male labor force participation rate (%) (modeled ILO estimate),SL.TLF.CACT.FM.ZS,Greece,GRC,74.5832768667841,74.4391039249987,73.6767028376382,73.9534646565936,73.6492776609316,74.5887789234111,74.1823951895774,74.9748254564984,74.9389432551245
Ratio of female to male labor force participation rate (%) (modeled ILO estimate),SL.TLF.CACT.FM.ZS,Greenland,GRL,..,..,..,..,..,..,..,..,..
Ratio of female to male labor force participation rate (%) (modeled ILO estimate),SL.TLF.CACT.FM.ZS,Grenada,GRD,..,..,..,..,..,..,..,..,..
Ratio of female to male labor force participation rate (%) (modeled ILO estimate),SL.TLF.CACT.FM.ZS,Guam,GUM,82.1760341201215,82.2688608926953,82.1575612462405,82.5039164873135,82.2449101975953,82.6920492721165,82.2406880968001,82.2174299494383,82.2326814909801
Ratio of female to male labor force participation rate (%) (modeled ILO estimate),SL.TLF.CACT.FM.ZS,Guatemala,GTM,45.9789226886132,45.9817286417815,46.0422685479327,45.2270677424859,46.4876614243703,47.8386569113526,50.1603774753242,50.0303311668214,50.0613633827959
Ratio of female to male labor force participation rate (%) (modeled ILO estimate),SL.TLF.CACT.FM.ZS,Guinea,GIN,72.6929594823602,69.2187451635868,67.4874325079129,65.7627804225396,65.7626799069826,65.7285441631989,66.4155582172351,66.6994137220726,66.120782768918
Ratio of female to male labor force participation rate (%) (modeled ILO estimate),SL.TLF.CACT.FM.ZS,Guinea-Bissau,GNB,79.4144245986887,80.2324918798792,80.7534256382354,81.3143309580364,81.3148638041803,81.5165808206493,81.2574720921858,81.3377492980056,81.420166128288
Ratio of female to male labor force participation rate (%) (modeled ILO estimate),SL.TLF.CACT.FM.ZS,Guyana,GUY,59.5896610680881,62.6685686554214,64.217337746182,64.4336214168616,64.3433531586562,64.2572275166173,66.381406044678,66.9950493404658,67.3106813965537
Ratio of female to male labor force participation rate (%) (modeled ILO estimate),SL.TLF.CACT.FM.ZS,Haiti,HTI,88.1035220305148,88.8345418400766,89.1027293295529,88.748084826095,88.7475425002891,89.4565829566624,85.9123352205809,85.0948202660628,84.9536840316138
Ratio of female to male labor force participation rate (%) (modeled ILO estimate),SL.TLF.CACT.FM.ZS,Honduras,HND,57.0282256088597,55.1632269264153,60.6001179060842,57.408152074575,65.1218844152287,65.6863523310578,61.2110818274675,52.852784845538,52.7028830752803
Ratio of female to male labor force participation rate (%) (modeled ILO estimate),SL.TLF.CACT.FM.ZS,"Hong Kong SAR, China",HKG,79.5865936550347,80.7641146911026,80.5493842600085,81.5700475862688,81.9849238563188,82.6011409592053,82.2440681134809,82.3570081709616,82.3431637935129
Ratio of female to male labor force participation rate (%) (modeled ILO estimate),SL.TLF.CACT.FM.ZS,Hungary,HUN,78.827804107425,78.067465900055,78.2853500478062,77.4137204119737,77.3517012947907,78.1870365941163,78.718674511315,79.4479386074737,79.3923946193626
Ratio of female to male labor force participation rate (%) (modeled ILO estimate),SL.TLF.CACT.FM.ZS,Iceland,ISL,90.4576496784386,89.6334379711793,89.3947536148569,89.7118151997688,89.3849487887309,89.2497128179976,90.2602801048794,89.1524135309768,89.141270022448
Ratio of female to male labor force participation rate (%) (modeled ILO estimate),SL.TLF.CACT.FM.ZS,India,IND,34.0781836585647,34.3832428238945,34.5333367977966,34.6574591405149,34.3466370734414,36.496235058712,38.6194518681549,40.6942364050798,42.5548752010793
Ratio of female to male labor force participation rate (%) (modeled ILO estimate),SL.TLF.CACT.FM.ZS,Indonesia,IDN,61.5507710212394,63.7118535963105,64.5961751224909,65.3135593220339,65.1402544292483,65.2976511455838,64.4544997486174,64.5040510680088,64.5824121837386
Ratio of female to male labor force participation rate (%) (modeled ILO estimate),SL.TLF.CACT.FM.ZS,"Iran, Islamic Rep.",IRN,20.9270133616984,24.700458206449,24.5571054308575,23.8701708054692,20.1225950258095,19.1837452722315,20.03093350783,20.3530944430302,20.2777065838472
Ratio of female to male labor force participation rate (%) (modeled ILO estimate),SL.TLF.CACT.FM.ZS,Iraq,IRQ,19.4498936826943,15.4380516508663,15.5396432043155,15.7306629834254,15.7100570355931,15.7780479333102,15.2643128975805,15.0748752079867,15.0041689827682
Ratio of female to male labor force participation rate (%) (modeled ILO estimate),SL.TLF.CACT.FM.ZS,Ireland,IRL,79.4057139545665,81.1636735289823,81.7372392754448,81.886655011655,81.7482590167342,83.4268773565898,84.5872607826335,85.0863377743725,85.3492333901193
Ratio of female to male labor force participation rate (%) (modeled ILO estimate),SL.TLF.CACT.FM.ZS,Isle of Man,IMN,..,..,..,..,..,..,..,..,..
Ratio of female to male labor force participation rate (%) (modeled ILO estimate),SL.TLF.CACT.FM.ZS,Israel,ISR,84.3906616315472,84.9952061361457,86.69458808781,87.1612003393389,87.9262877442274,89.0015356402726,89.2193362825398,90.6937170854787,91.0331469824361
Ratio of female to male labor force participation rate (%) (modeled ILO estimate),SL.TLF.CACT.FM.ZS,Italy,ITA,67.2304620163506,68.6929731010783,68.9477158477345,69.4472754450333,68.6270082501086,69.2959899923553,69.7462645458927,70.24109085963,70.4061268698722
Ratio of female to male labor force participation rate (%) (modeled ILO estimate),SL.TLF.CACT.FM.ZS,Jamaica,JAM,80.5040097940768,80.3080549236714,79.9914944988613,80.4902000349759,79.6037714980921,79.7288441058409,81.34833565236,81.7293946317154,81.739026081391
Ratio of female to male labor force participation rate (%) (modeled ILO estimate),SL.TLF.CACT.FM.ZS,Japan,JPN,70.3741685538891,72.4491389468603,73.6705869112599,74.6536541589545,74.4057629779123,75.0887482636209,75.9109255003083,76.7509550663999,77.2447896295469
Ratio of female to male labor force participation rate (%) (modeled ILO estimate),SL.TLF.CACT.FM.ZS,Jordan,JOR,22.9271335603736,26.9570297286771,23.8284236381086,21.8746503412669,23.8382551938231,22.7500814597589,22.7171855623001,22.8599412340842,22.8085078576796
Ratio of female to male labor force participation rate (%) (modeled ILO estimate),SL.TLF.CACT.FM.ZS,Kazakhstan,KAZ,87.2234832454892,87.1207850773803,87.1941450159577,87.2713512404115,87.0715267325437,87.2809863724854,86.8107939964227,86.9728748481801,86.932521803283
Ratio of female to male labor force participation rate (%) (modeled ILO estimate),SL.TLF.CACT.FM.ZS,Kenya,KEN,92.3356625258799,90.3714327066037,88.3563574851988,86.1639964885329,86.1534193369399,86.5867138277882,86.7759987779984,87.1520701303777,87.0633386559094
Ratio of female to male labor force participation rate (%) (modeled ILO estimate),SL.TLF.CACT.FM.ZS,Kiribati,KIR,..,..,..,..,..,..,..,..,..
Ratio of female to male labor force participation rate (%) (modeled ILO estimate),SL.TLF.CACT.FM.ZS,"Korea, Dem. People's Rep.",PRK,89.3195153722895,89.3537787513691,89.5698094063116,89.5750936869415,89.3306515739744,89.7017319920837,89.5601544935724,89.5645957289793,89.5795858124625
Ratio of female to male labor force participation rate (%) (modeled ILO estimate),SL.TLF.CACT.FM.ZS,"Korea, Rep.",KOR,71.9636823164199,72.8924598269468,73.5554664934563,74.380645429018,74.3143644322616,74.9783380384046,75.7383908172534,77.2085974097548,77.3087326120556
Ratio of female to male labor force participation rate (%) (modeled ILO estimate),SL.TLF.CACT.FM.ZS,Kosovo,XKX,..,..,..,..,..,..,..,..,..
Ratio of female to male labor force participation rate (%) (modeled ILO estimate),SL.TLF.CACT.FM.ZS,Kuwait,KWT,56.9436160939579,56.7297022113922,56.5581374042305,56.5137614678899,56.1669690586072,56.2198074835693,56.370669471684,55.1567279581908,54.9434517077584
Ratio of female to male labor force participation rate (%) (modeled ILO estimate),SL.TLF.CACT.FM.ZS,Kyrgyz Republic,KGZ,71.8252873563218,67.0986842105263,67.7658300354093,66.8841403545037,68.8679857281868,67.2837609463819,67.3468089707547,67.5208346586933,67.3394122060712
Ratio of female to male labor force participation rate (%) (modeled ILO estimate),SL.TLF.CACT.FM.ZS,Lao PDR,LAO,87.9855337936217,88.1621604607976,87.9348881661092,87.7165164076776,87.4114612069608,87.6864038287565,86.8732482092806,86.9180323224884,86.8970879276223
Ratio of female to male labor force participation rate (%) (modeled ILO estimate),SL.TLF.CACT.FM.ZS,Latvia,LVA,80.1629104289381,81.2129435709861,81.4567015591831,81.6779057098265,81.5133778043761,80.5648927625904,81.6233449940221,81.7557792802102,81.7975157494354
Ratio of female to male labor force participation rate (%) (modeled ILO estimate),SL.TLF.CACT.FM.ZS,Lebanon,LBN,38.0637262047051,39.807794674071,40.6952643691305,41.5941143887855,41.4034872862545,41.9540404347034,41.7511632489125,41.7638583453401,..
Ratio of female to male labor force participation rate (%) (modeled ILO estimate),SL.TLF.CACT.FM.ZS,Lesotho,LSO,75.9213109276456,74.4080054059494,73.6478778483049,72.8856202825624,72.885101010101,73.108812976754,72.2022191197002,72.3042031162558,71.9412338526117
Ratio of female to male labor force participation rate (%) (modeled ILO estimate),SL.TLF.CACT.FM.ZS,Liberia,LBR,87.5384858773563,87.7922933362608,87.9614924133213,88.1932371881198,88.1932684820093,88.4651449722394,88.2020202020202,88.2514965661611,88.2531595963554
Ratio of female to male labor force participation rate (%) (modeled ILO estimate),SL.TLF.CACT.FM.ZS,Libya,LBY,53.2118245034145,53.1097570477957,53.0816845190764,53.0711610486891,52.8444886552035,52.9389636038747,52.3995544469023,52.1678233637065,51.9137432216654
Ratio of female to male labor force participation rate (%) (modeled ILO estimate),SL.TLF.CACT.FM.ZS,Liechtenstein,LIE,..,..,..,..,..,..,..,..,..
Ratio of female to male labor force participation rate (%) (modeled ILO estimate),SL.TLF.CACT.FM.ZS,Lithuania,LTU,83.8876730063808,84.0475186701999,83.5450525724257,84.3680431673768,83.2953373894608,84.321535657593,85.0878221857315,84.3944450111479,84.4378301088447
Ratio of female to male labor force participation rate (%) (modeled ILO estimate),SL.TLF.CACT.FM.ZS,Luxembourg,LUX,82.799621466512,85.418045444518,86.1802386664785,84.5374280230326,87.0418501859835,86.2614967347001,87.8852825533883,86.9405990244199,87.1747893001099
Ratio of female to male labor force participation rate (%) (modeled ILO estimate),SL.TLF.CACT.FM.ZS,"Macao SAR, China",MAC,86.4415862808146,86.0483294030365,85.7621308016878,85.4875433533663,85.3587410801876,85.7167525636257,86.2411270363622,79.648378711178,79.6655159608852
Ratio of female to male labor force participation rate (%) (modeled ILO estimate),SL.TLF.CACT.FM.ZS,Madagascar,MDG,93.6939370406636,94.0730499427704,94.2308784927787,94.3807809723425,94.2274535046783,94.5307402616728,94.2153003594044,94.2520206402119,94.2292986360783
Ratio of female to male labor force participation rate (%) (modeled ILO estimate),SL.TLF.CACT.FM.ZS,Malawi,MWI,87.6600948809956,87.7708399673261,88.3294143837046,88.9577504196978,85.4516657416307,89.2533825165078,88.8832906467369,88.8580946782005,88.8242158392734
Ratio of female to male labor force participation rate (%) (modeled ILO estimate),SL.TLF.CACT.FM.ZS,Malaysia,MYS,65.0118959298012,66.003809818004,66.1417625502908,66.0282322337129,65.8263197673674,65.5279701108093,65.9038083318434,65.835631127451,65.8465935916904
Ratio of female to male labor force participation rate (%) (modeled ILO estimate),SL.TLF.CACT.FM.ZS,Maldives,MDV,57.1816070063051,56.290400719773,54.9767679209304,53.4598243373557,53.3643275318551,53.5821535821536,53.513747734972,53.7053124835466,53.6056717550262
Ratio of female to male labor force participation rate (%) (modeled ILO estimate),SL.TLF.CACT.FM.ZS,Mali,MLI,76.7512130292506,72.1149293528371,72.2192423316327,72.385439186234,62.539372753437,72.696720068732,72.2073690886255,72.2566024579447,72.2331548138
Ratio of female to male labor force participation rate (%) (modeled ILO estimate),SL.TLF.CACT.FM.ZS,Malta,MLT,63.02834957146,67.1567053052644,69.697663437737,71.2807463952502,73.6876260880606,74.5881234091354,77.7935154540865,76.851942391775,77.3471928818254
Ratio of female to male labor force participation rate (%) (modeled ILO estimate),SL.TLF.CACT.FM.ZS,Marshall Islands,MHL,..,..,..,..,..,..,..,..,..
Ratio of female to male labor force participation rate (%) (modeled ILO estimate),SL.TLF.CACT.FM.ZS,Mauritania,MRT,45.1840184272479,45.5857547776792,45.6749272914091,45.8099876071285,45.8110799710927,46.2024422954754,45.735745155444,45.8650040281621,45.9030511811024
Ratio of female to male labor force participation rate (%) (modeled ILO estimate),SL.TLF.CACT.FM.ZS,Mauritius,MUS,62.4488256841198,61.8176409341068,62.6239323281426,63.6510722316678,63.4654130288784,63.0806394534796,62.1607145442175,62.3476877727027,62.412666793608
Ratio of female to male labor force participation rate (%) (modeled ILO estimate),SL.TLF.CACT.FM.ZS,Mexico,MEX,55.9108033805111,55.7626187098176,56.4626111430947,58.3842576578654,57.5291066600453,58.1886713706259,59.5028067361668,61.0148291424887,61.1779901834151
Ratio of female to male labor force participation rate (%) (modeled ILO estimate),SL.TLF.CACT.FM.ZS,"Micronesia, Fed. Sts.",FSM,..,..,..,..,..,..,..,..,..
Ratio of female to male labor force participation rate (%) (modeled ILO estimate),SL.TLF.CACT.FM.ZS,Moldova,MDA,97.5312978600835,97.1375887750839,97.9313497095338,96.8714561124972,95.0510253940333,94.4997191687395,97.0100884091772,97.6985635235593,97.74206587035
Ratio of female to male labor force participation rate (%) (modeled ILO estimate),SL.TLF.CACT.FM.ZS,Monaco,MCO,..,..,..,..,..,..,..,..,..
Ratio of female to male labor force participation rate (%) (modeled ILO estimate),SL.TLF.CACT.FM.ZS,Mongolia,MNG,80.7474912344336,80.0361542785095,75.9974137044276,78.6819770344483,78.1925428399208,76.3204045245959,77.419632729831,77.7204176334107,77.524101665206
Ratio of female to male labor force participation rate (%) (modeled ILO estimate),SL.TLF.CACT.FM.ZS,Montenegro,MNE,77.7895837549754,74.5232885276649,72.839723484606,74.3369005152596,74.4801869608551,74.6070045916989,74.4033775805932,74.6688444556126,74.5987086534646
Ratio of female to male labor force participation rate (%) (modeled ILO estimate),SL.TLF.CACT.FM.ZS,Morocco,MAR,34.569758201839,32.7706405928005,32.037122701515,31.303253845714,30.3477560582766,29.6871638194415,28.4481631585828,28.6939304380742,28.5336450646599
Ratio of female to male labor force participation rate (%) (modeled ILO estimate),SL.TLF.CACT.FM.ZS,Mozambique,MOZ,97.5653303035222,97.7837256422443,97.8870683072764,97.9745471854097,97.9740752450205,98.3662864385298,97.6015773185585,97.97078938798,97.9070583517145
Ratio of female to male labor force participation rate (%) (modeled ILO estimate),SL.TLF.CACT.FM.ZS,Myanmar,MMR,64.3432552248258,62.1077460383653,63.2105757686485,61.6616269931132,58.8709146670528,58.8702736817947,58.9135490539493,58.8317047310657,58.7507890055661
Ratio of female to male labor force participation rate (%) (modeled ILO estimate),SL.TLF.CACT.FM.ZS,Namibia,NAM,86.258572128337,86.2548622996733,88.3918739926272,88.0827695980899,87.9472022026075,88.6519556409304,87.6949630263012,87.5157947940359,87.5853242320819
Ratio of female to male labor force participation rate (%) (modeled ILO estimate),SL.TLF.CACT.FM.ZS,Nauru,NRU,..,..,..,..,..,..,..,..,..
Ratio of female to male labor force participation rate (%) (modeled ILO estimate),SL.TLF.CACT.FM.ZS,Nepal,NPL,48.8897334274391,50.7933579335793,51.3283543269052,51.0907641836413,51.0898518101669,51.0302236361935,51.2593144560358,51.2327544531628,51.4833230906754
Ratio of female to male labor force participation rate (%) (modeled ILO estimate),SL.TLF.CACT.FM.ZS,Netherlands,NLD,84.0145460579077,85.1732631696804,85.2204723311061,85.8022455632017,86.5175629250508,86.8363002824105,86.8627150945234,87.0184995713851,87.1455497962691
Ratio of female to male labor force participation rate (%) (modeled ILO estimate),SL.TLF.CACT.FM.ZS,New Caledonia,NCL,85.3230928291854,85.2992267605417,85.4077320640307,85.6159868812398,85.8869151058763,85.3700405897547,83.7066042691371,83.7353836296652,83.5556774370473
Ratio of female to male labor force participation rate (%) (modeled ILO estimate),SL.TLF.CACT.FM.ZS,New Zealand,NZL,84.6725849689491,85.1537089497429,85.8464737936663,86.8652746375848,86.0347900098412,87.0631644611975,87.7649516706996,87.8130698888758,87.9369458128079
Ratio of female to male labor force participation rate (%) (modeled ILO estimate),SL.TLF.CACT.FM.ZS,Nicaragua,NIC,58.2958668322023,59.5259424254897,59.1015889933146,58.7515299877601,58.7519882540071,59.3849840255591,60.3714717496222,61.0595249731209,61.3087589186278
Ratio of female to male labor force participation rate (%) (modeled ILO estimate),SL.TLF.CACT.FM.ZS,Niger,NER,72.8301886792453,72.0197914825941,71.6132678653432,71.209161095942,71.2096007604563,71.5638232075741,71.3117369671327,71.2677850923763,71.0924587996411
Ratio of female to male labor force participation rate (%) (modeled ILO estimate),SL.TLF.CACT.FM.ZS,Nigeria,NGA,90.5038645694858,90.1472412743744,90.1121912984476,90.0966127070272,89.8503601146773,89.9181035488462,89.964509199589,95.6071923199848,95.6009333507053
Ratio of female to male labor force participation rate (%) (modeled ILO estimate),SL.TLF.CACT.FM.ZS,North Macedonia,MKD,63.6980938902105,62.6372624960131,63.4220917904829,67.0704414917758,66.3333703075728,64.8479087452472,65.4559553349876,65.3461640438573,65.4710492014385
Ratio of female to male labor force participation rate (%) (modeled ILO estimate),SL.TLF.CACT.FM.ZS,Northern Mariana Islands,MNP,..,..,..,..,..,..,..,..,..
Ratio of female to male labor force participation rate (%) (modeled ILO estimate),SL.TLF.CACT.FM.ZS,Norway,NOR,91.0257899628253,91.5036448860696,91.2056632991667,90.8584659573845,91.2256697709317,88.9785140185567,88.1592694900457,89.9957745042328,90.0698974156926
Ratio of female to male labor force participation rate (%) (modeled ILO estimate),SL.TLF.CACT.FM.ZS,Oman,OMN,33.9965219778963,34.5947722045344,34.3555369677514,34.0650029937076,34.1690671787759,34.6430169834876,35.0512043023056,35.1413389034902,35.2352927653509
Ratio of female to male labor force participation rate (%) (modeled ILO estimate),SL.TLF.CACT.FM.ZS,Pakistan,PAK,30.3801477015062,28.2347889778496,27.2071435778428,29.4627690591486,29.7760010152928,30.4094954008212,30.1486835699037,30.1378906590601,30.190416925949
Ratio of female to male labor force participation rate (%) (modeled ILO estimate),SL.TLF.CACT.FM.ZS,Palau,PLW,..,..,..,..,..,..,..,..,..
Ratio of female to male labor force participation rate (%) (modeled ILO estimate),SL.TLF.CACT.FM.ZS,Panama,PAN,64.3514236432268,65.5669197465019,67.4308691617693,69.691160282495,72.6144418767689,63.558605987339,64.5819397993311,67.7283360324927,67.8480327742135
Ratio of female to male labor force participation rate (%) (modeled ILO estimate),SL.TLF.CACT.FM.ZS,Papua New Guinea,PNG,96.1713134823474,95.820587261072,95.7717069775535,95.5955513724285,95.4802803882299,95.971450926509,95.0811977846616,95.1097673195741,95.0191283474608
Ratio of female to male labor force participation rate (%) (modeled ILO estimate),SL.TLF.CACT.FM.ZS,Paraguay,PRY,67.6580200903324,68.6425291039197,70.4269593665545,71.2405859471985,68.6329655537127,71.1855939863933,71.6919673784897,71.4014257531196,71.477330493089
Ratio of female to male labor force participation rate (%) (modeled ILO estimate),SL.TLF.CACT.FM.ZS,Peru,PER,80.2619403516265,81.8747123859869,82.5133190790639,82.5717923327203,76.5683954722773,81.8832710374786,80.9582741843507,80.8655243964564,80.9693053311793
Ratio of female to male labor force participation rate (%) (modeled ILO estimate),SL.TLF.CACT.FM.ZS,Philippines,PHL,65.3850287495298,61.2648758925535,62.6256791142287,64.1470705734871,63.6290442820933,64.0623188405797,69.2603794335991,69.3281764001486,69.0563428966471
Ratio of female to male labor force participation rate (%) (modeled ILO estimate),SL.TLF.CACT.FM.ZS,Poland,POL,75.3399874277479,74.7140368153928,75.0709979194193,74.5358371603086,74.0124960288044,75.8011331274918,76.8354031204481,77.9954887218045,77.9752459536655
Ratio of female to male labor force participation rate (%) (modeled ILO estimate),SL.TLF.CACT.FM.ZS,Portugal,PRT,83.8335415365396,83.7474763161982,84.5775327789716,85.0581885120589,84.8359019404296,86.334579469502,86.6084704302365,86.9684390645795,86.9677214183495
Ratio of female to male labor force participation rate (%) (modeled ILO estimate),SL.TLF.CACT.FM.ZS,Puerto Rico,PRI,64.9372572149118,65.2033977714856,65.1514846906978,65.7176536402142,65.5683325961964,65.8533048863848,65.2887453138709,64.6788443170965,64.5627876397107
Ratio of female to male labor force participation rate (%) (modeled ILO estimate),SL.TLF.CACT.FM.ZS,Qatar,QAT,58.6274058095457,60.2566383722512,61.0126793983296,61.6359615264245,62.0124959581104,63.981327954207,66.6282178996487,66.1691021872614,66.2300707201741
Ratio of female to male labor force participation rate (%) (modeled ILO estimate),SL.TLF.CACT.FM.ZS,Romania,ROU,70.1884496480958,70.6862505099959,69.9873220206749,69.5970518353295,68.9815784808291,67.866381020392,68.6749288066564,67.6337524754069,67.5492192803802
Ratio of female to male labor force participation rate (%) (modeled ILO estimate),SL.TLF.CACT.FM.ZS,Russian Federation,RUS,77.9372398424689,77.7868345606836,78.16918284208,78.2724157624215,78.594432942259,78.5563751317176,79.0960451977401,79.4264500625926,79.3521208599651
Ratio of female to male labor force participation rate (%) (modeled ILO estimate),SL.TLF.CACT.FM.ZS,Rwanda,RWA,80.9045226130653,81.9194323438272,80.5398572278406,78.9581842814303,81.7996736791949,81.7078477078477,82.695796794678,83.1683168316832,83.1021310816244
Ratio of female to male labor force participation rate (%) (modeled ILO estimate),SL.TLF.CACT.FM.ZS,Samoa,WSM,61.2111558485613,61.4525471557998,60.540159195129,59.8058747589373,58.9491434868267,58.2368562650791,55.1142093809161,55.720027272401,55.6309831470899
Ratio of female to male labor force participation rate (%) (modeled ILO estimate),SL.TLF.CACT.FM.ZS,San Marino,SMR,..,..,..,..,..,..,..,..,..
Ratio of female to male labor force participation rate (%) (modeled ILO estimate),SL.TLF.CACT.FM.ZS,Sao Tome and Principe,STP,90.2421652421653,92.4970786154652,94.1769774184328,96.1878292612104,95.8904109589041,96.795523906409,96.1158602373641,95.984219269103,96.1554481839387
Ratio of female to male labor force participation rate (%) (modeled ILO estimate),SL.TLF.CACT.FM.ZS,Saudi Arabia,SAU,27.3569875069546,25.0678550237966,27.4370772673556,29.9364779024192,36.2570205606552,42.7908663465386,42.326406990889,42.226183402654,42.6101602556164
Ratio of female to male labor force participation rate (%) (modeled ILO estimate),SL.TLF.CACT.FM.ZS,Senegal,SEN,59.4785736737331,62.3756448858134,60.054846116994,58.0705413566603,58.0708568553143,58.6155144920739,58.4258705841643,58.5497869654411,58.6310133463593
Ratio of female to male labor force participation rate (%) (modeled ILO estimate),SL.TLF.CACT.FM.ZS,Serbia,SRB,72.0322768488479,74.3687847087692,74.258678109389,75.091963439513,75.120022132895,76.2097768462582,77.1128801049196,76.3302668174455,76.3168752578738
Ratio of female to male labor force participation rate (%) (modeled ILO estimate),SL.TLF.CACT.FM.ZS,Seychelles,SYC,..,..,..,..,..,..,..,..,..
Ratio of female to male labor force participation rate (%) (modeled ILO estimate),SL.TLF.CACT.FM.ZS,Sierra Leone,SLE,96.1012455081464,92.7582196849561,91.0546356149827,91.9584723238017,91.9603782080144,92.4070879160377,91.7246286578315,91.9450637652725,91.6844196996008
Ratio of female to male labor force participation rate (%) (modeled ILO estimate),SL.TLF.CACT.FM.ZS,Singapore,SGP,79.6168831168831,79.4623838584478,80.332735236688,81.7124428348621,82.0668288856091,84.1485720258159,82.6896035114925,81.2515569074246,81.1983955408538
Ratio of female to male labor force participation rate (%) (modeled ILO estimate),SL.TLF.CACT.FM.ZS,Sint Maarten (Dutch part),SXM,..,..,..,..,..,..,..,..,..
Ratio of female to male labor force participation rate (%) (modeled ILO estimate),SL.TLF.CACT.FM.ZS,Slovak Republic,SVK,76.524417199611,77.7823760678708,77.1426461901949,77.363722640726,77.8989321702512,82.5624282000121,83.1360372598486,83.1234895724558,83.1687773843107
Ratio of female to male labor force participation rate (%) (modeled ILO estimate),SL.TLF.CACT.FM.ZS,Slovenia,SVN,82.8867254392085,84.0579027522648,83.5820198845514,84.1668768920283,84.9353848122321,84.4753764239331,83.8821679356034,83.883604682138,83.9409270729901
Ratio of female to male labor force participation rate (%) (modeled ILO estimate),SL.TLF.CACT.FM.ZS,Solomon Islands,SLB,95.7289756505188,95.5903718081335,95.5286868569436,95.5161069066137,95.5421488767342,95.99957742015,95.4359057526122,95.5974113335344,95.6037711780873
Ratio of female to male labor force participation rate (%) (modeled ILO estimate),SL.TLF.CACT.FM.ZS,Somalia,SOM,44.0034403910298,44.2904387757251,44.5045425734207,44.6783724821553,44.6782575222942,44.7811951918552,44.4774725041403,44.4685097889328,44.5051325101481
Ratio of female to male labor force participation rate (%) (modeled ILO estimate),SL.TLF.CACT.FM.ZS,South Africa,ZAF,78.4091258493989,79.3075208153237,79.2132936812092,79.7629815873795,79.4571302658854,79.4765421024811,80.0784017380626,81.9715037943318,82.16068715309
Ratio of female to male labor force participation rate (%) (modeled ILO estimate),SL.TLF.CACT.FM.ZS,South Sudan,SSD,94.4836577207722,91.9516376432374,92.1215328420047,93.8437966527854,93.8439570028956,94.1927990708478,93.5949546336602,93.5582862313614,..
Ratio of female to male labor force participation rate (%) (modeled ILO estimate),SL.TLF.CACT.FM.ZS,Spain,ESP,81.058598804609,81.5501723626948,81.434267951898,81.9421481096572,81.9103075537254,83.5078659207192,83.1901122030733,84.1232189763592,84.2835624779669
Ratio of female to male labor force participation rate (%) (modeled ILO estimate),SL.TLF.CACT.FM.ZS,Sri Lanka,LKA,47.9271799880623,49.0507318266447,45.9071179953684,47.1653161576287,44.5048843910324,44.6657447142185,45.3936973945017,45.2760753765966,45.2911130878935
Ratio of female to male labor force participation rate (%) (modeled ILO estimate),SL.TLF.CACT.FM.ZS,St. Kitts and Nevis,KNA,..,..,..,..,..,..,..,..,..
Ratio of female to male labor force participation rate (%) (modeled ILO estimate),SL.TLF.CACT.FM.ZS,St. Lucia,LCA,84.3854659507735,84.7242544361382,84.0232016730458,87.6101734167041,84.6523440181207,85.2874699816358,82.6324254488887,83.2433003579306,83.17633361558
Ratio of female to male labor force participation rate (%) (modeled ILO estimate),SL.TLF.CACT.FM.ZS,St. Martin (French part),MAF,..,..,..,..,..,..,..,..,..
Ratio of female to male labor force participation rate (%) (modeled ILO estimate),SL.TLF.CACT.FM.ZS,St. Vincent and the Grenadines,VCT,71.0857233527708,72.3608292547053,73.0131108779108,73.2824630437094,73.0641058773922,73.7159300684113,73.4115398906524,73.7377348746673,73.9133889551053
Ratio of female to male labor force participation rate (%) (modeled ILO estimate),SL.TLF.CACT.FM.ZS,Sudan,SDN,34.9334131378124,32.312179764183,30.9737006887915,29.410554306879,27.5007642676707,25.5402686741515,23.4403892944039,..,..
Ratio of female to male labor force participation rate (%) (modeled ILO estimate),SL.TLF.CACT.FM.ZS,Suriname,SUR,66.5696627865115,67.6402950751127,68.5911825446709,68.7770538455778,68.5579902785861,69.10463625848,69.5877418143116,69.9797891174581,70.0274402195218
Ratio of female to male labor force participation rate (%) (modeled ILO estimate),SL.TLF.CACT.FM.ZS,Sweden,SWE,89.9656959562809,90.077597143953,90.4199126534467,90.3821787429649,89.4700335010847,89.8126446439364,89.6755291877243,90.4647518052524,90.4278090546564
Ratio of female to male labor force participation rate (%) (modeled ILO estimate),SL.TLF.CACT.FM.ZS,Switzerland,CHE,83.9537419728322,84.11584793282,84.7928189807151,85.5668145254276,85.2387627070207,85.6757982708141,85.502349767804,85.8245043605252,85.8974536492156
Ratio of female to male labor force participation rate (%) (modeled ILO estimate),SL.TLF.CACT.FM.ZS,Syrian Arab Republic,SYR,20.1121679970683,20.4387899170329,20.8046359188714,21.301185770751,21.3008207978027,21.2812784077317,21.3004164753203,21.3000966673534,21.2292903410628
Ratio of female to male labor force participation rate (%) (modeled ILO estimate),SL.TLF.CACT.FM.ZS,Tajikistan,TJK,60.109075288097,61.5296542248683,61.299897843141,61.0933852140078,61.0939801630168,61.795582266625,61.566895585689,61.7640191462038,61.9781506047601
Ratio of female to male labor force participation rate (%) (modeled ILO estimate),SL.TLF.CACT.FM.ZS,Tanzania,TZA,91.0839757145781,91.4373053803424,91.562756919704,91.6738099319961,89.5670195353438,92.2611322314999,91.7743467661635,91.7158409953799,91.67753150804
Ratio of female to male labor force participation rate (%) (modeled ILO estimate),SL.TLF.CACT.FM.ZS,Thailand,THA,78.3706783706784,77.909922682104,77.8405007383015,78.0287474332649,78.3338192806213,78.6434731764362,79.0992856953185,78.9834798827604,78.7931934719452
Ratio of female to male labor force participation rate (%) (modeled ILO estimate),SL.TLF.CACT.FM.ZS,Timor-Leste,TLS,84.6964278317063,84.7510645041271,84.7766899510478,84.7872695884613,84.7857824695379,84.9231767710259,84.8367482925204,85.2464064271418,85.2555948503613
Ratio of female to male labor force participation rate (%) (modeled ILO estimate),SL.TLF.CACT.FM.ZS,Togo,TGO,91.7929521956368,92.2768736652153,92.5892116182573,92.9362027928963,92.9372027760507,93.2213607515448,93.1521197007481,93.2488119371241,93.2840039906884
Ratio of female to male labor force participation rate (%) (modeled ILO estimate),SL.TLF.CACT.FM.ZS,Tonga,TON,63.5216230960912,63.9095160543262,64.009494907004,64.0443013212147,64.1529555149299,64.6677768780652,64.3541803617018,64.8598101950601,65.2677007755817
Ratio of female to male labor force participation rate (%) (modeled ILO estimate),SL.TLF.CACT.FM.ZS,Trinidad and Tobago,TTO,69.6717794701276,71.7636100761831,72.0179560917444,72.256045760888,72.2266151232941,73.2730706961684,74.6823536437882,75.0713106140219,75.1573183275852
Ratio of female to male labor force participation rate (%) (modeled ILO estimate),SL.TLF.CACT.FM.ZS,Tunisia,TUN,37.4060258249641,38.1815559881751,38.7153784162083,39.2549705653671,40.0605389442599,41.2066945103813,41.5663469526471,40.7520124168784,40.7809177006992
Ratio of female to male labor force participation rate (%) (modeled ILO estimate),SL.TLF.CACT.FM.ZS,Turkiye,TUR,44.0098621539841,46.3508694330025,47.0337639419299,47.7336637246986,45.3022599700238,46.709898097342,49.0984548947029,50.2967400781931,50.8764063835451
Ratio of female to male labor force participation rate (%) (modeled ILO estimate),SL.TLF.CACT.FM.ZS,Turkmenistan,TKM,103.466694816848,103.878705397014,104.092257142248,104.317670983624,104.045925535652,104.823637799421,104.155361377572,104.55052803297,104.655513504215
Ratio of female to male labor force participation rate (%) (modeled ILO estimate),SL.TLF.CACT.FM.ZS,Turks and Caicos Islands,TCA,..,..,..,..,..,..,..,..,..
Ratio of female to male labor force participation rate (%) (modeled ILO estimate),SL.TLF.CACT.FM.ZS,Tuvalu,TUV,..,..,..,..,..,..,..,..,..
Ratio of female to male labor force participation rate (%) (modeled ILO estimate),SL.TLF.CACT.FM.ZS,Uganda,UGA,94.9384671305431,92.4346762332825,91.5468905649637,91.4132224243999,90.2493536617779,88.7700662125471,89.2808430771383,89.5385336144296,89.5926541894076
Ratio of female to male labor force participation rate (%) (modeled ILO estimate),SL.TLF.CACT.FM.ZS,Ukraine,UKR,79.506165043179,77.729550812659,76.8578615570945,76.0014825338975,75.8854618600615,75.9812191628203,..,..,..
Ratio of female to male labor force participation rate (%) (modeled ILO estimate),SL.TLF.CACT.FM.ZS,United Arab Emirates,ARE,52.3052878353738,55.2732403538286,55.4454589659085,59.3236609577834,65.4590459045905,55.9235612308238,59.422318788639,59.7652975691534,60.3644519829491
Ratio of female to male labor force participation rate (%) (modeled ILO estimate),SL.TLF.CACT.FM.ZS,United Kingdom,GBR,83.2948953360264,84.4415599740398,84.6167426805944,86.0310256866584,86.8526609307666,87.7511498426531,87.0108720237647,86.3657578175577,86.4119120176206
Ratio of female to male labor force participation rate (%) (modeled ILO estimate),SL.TLF.CACT.FM.ZS,United States,USA,81.4971298697514,82.0708724441534,82.1814742050498,82.631754842272,82.6517894237047,82.5902997372289,82.9447380497698,83.7902652771198,83.8813103949888
Ratio of female to male labor force participation rate (%) (modeled ILO estimate),SL.TLF.CACT.FM.ZS,Uruguay,URY,75.6832327360228,76.8805628317128,77.5878086997518,78.2312830503757,79.1766708866285,79.6647489168265,77.9681436756651,80.4811218682816,80.7288806274907
Ratio of female to male labor force participation rate (%) (modeled ILO estimate),SL.TLF.CACT.FM.ZS,Uzbekistan,UZB,55.3540504792942,54.6906269144374,54.3347721300091,54.001935211306,54.2712382009994,54.4108151180843,54.4424739830357,54.6218950734706,54.5318683751695
Ratio of female to male labor force participation rate (%) (modeled ILO estimate),SL.TLF.CACT.FM.ZS,Vanuatu,VUT,83.698296836983,84.4688159455338,84.8858440362677,85.3274708589685,85.3276921848807,87.3103671356947,85.1185596266633,85.1163450624291,85.1598897093779
Ratio of female to male labor force participation rate (%) (modeled ILO estimate),SL.TLF.CACT.FM.ZS,"Venezuela, RB",VEN,63.8669471678641,62.2595021070914,62.1525135258548,61.7574221367596,61.62794295084,62.0143417921058,54.8240949814262,55.3705888350009,55.1436596641114
Ratio of female to male labor force participation rate (%) (modeled ILO estimate),SL.TLF.CACT.FM.ZS,Viet Nam,VNM,88.4077314146353,88.2939766658151,88.4598582661877,87.1150472663483,86.3417681974383,87.7727925569099,87.9623335095803,88.0309418005495,87.9521598066035
Ratio of female to male labor force participation rate (%) (modeled ILO estimate),SL.TLF.CACT.FM.ZS,Virgin Islands (U.S.),VIR,83.1531363593998,83.7442766984284,84.3459268398413,85.137304008889,85.1370522812856,85.532649012335,85.3892623160044,85.5152493416022,85.5315597642811
Ratio of female to male labor force participation rate (%) (modeled ILO estimate),SL.TLF.CACT.FM.ZS,West Bank and Gaza,PSE,25.4212630121894,24.7766385682427,25.1645346021254,25.8395063463728,24.7477181673043,24.9875382752973,26.2622059476254,..,..
Ratio of female to male labor force participation rate (%) (modeled ILO estimate),SL.TLF.CACT.FM.ZS,"Yemen, Rep.",YEM,8.90039827017418,8.59978134723741,8.50640446807799,8.42567635020465,8.41807247080897,8.44632625972411,8.21924594982908,8.13593384508945,8.11128008463369
Ratio of female to male labor force participation rate (%) (modeled ILO estimate),SL.TLF.CACT.FM.ZS,Zambia,ZMB,78.5305690072639,79.5771418088424,80.1611093175913,77.6451324799047,80.5227481277566,81.6233903314334,82.6551085108664,82.8420454370901,82.7766420216118
Ratio of female to male labor force participation rate (%) (modeled ILO estimate),SL.TLF.CACT.FM.ZS,Zimbabwe,ZWE,82.6561560741024,83.3915987667914,83.8963122804105,84.4327947270351,83.7719545147489,83.8320597913994,83.350532716015,83.670293309405,83.7108075092321
"Literacy rate, adult female (% of females ages 15 and above)",SE.ADT.LITR.FE.ZS,Afghanistan,AFG,17.0862407684326,..,..,..,..,23,26.5965595245361,..,..
"Literacy rate, adult female (% of females ages 15 and above)",SE.ADT.LITR.FE.ZS,Albania,ALB,..,99.0490417480469,..,..,..,..,98.3000030517578,..,..
"Literacy rate, adult female (% of females ages 15 and above)",SE.ADT.LITR.FE.ZS,Algeria,DZA,..,..,75.3229675292969,74.2101974487305,..,..,..,..,..
"Literacy rate, adult female (% of females ages 15 and above)",SE.ADT.LITR.FE.ZS,American Samoa,ASM,..,..,..,..,..,..,..,..,..
"Literacy rate, adult female (% of females ages 15 and above)",SE.ADT.LITR.FE.ZS,Andorra,AND,..,..,..,..,..,..,..,..,..
"Literacy rate, adult female (% of females ages 15 and above)",SE.ADT.LITR.FE.ZS,Angola,AGO,51.9259796142578,..,..,..,..,..,62.5,..,..
"Literacy rate, adult female (% of females ages 15 and above)",SE.ADT.LITR.FE.ZS,Antigua and Barbuda,ATG,..,..,..,..,..,..,..,..,..
"Literacy rate, adult female (% of females ages 15 and above)",SE.ADT.LITR.FE.ZS,Argentina,ARG,..,..,..,..,..,..,..,..,..
"Literacy rate, adult female (% of females ages 15 and above)",SE.ADT.LITR.FE.ZS,Armenia,ARM,..,100,..,..,100,..,..,..,..
"Literacy rate, adult female (% of females ages 15 and above)",SE.ADT.LITR.FE.ZS,Aruba,ABW,..,..,..,..,98,..,..,..,..
"Literacy rate, adult female (% of females ages 15 and above)",SE.ADT.LITR.FE.ZS,Australia,AUS,..,..,..,..,..,..,..,..,..
"Literacy rate, adult female (% of females ages 15 and above)",SE.ADT.LITR.FE.ZS,Austria,AUT,..,..,..,..,..,..,..,..,..
"Literacy rate, adult female (% of females ages 15 and above)",SE.ADT.LITR.FE.ZS,Azerbaijan,AZE,100,100,..,100,..,..,..,100,..
"Literacy rate, adult female (% of females ages 15 and above)",SE.ADT.LITR.FE.ZS,"Bahamas, The",BHS,..,..,..,..,..,..,..,..,..
"Literacy rate, adult female (% of females ages 15 and above)",SE.ADT.LITR.FE.ZS,Bahrain,BHR,..,..,..,..,..,..,96,96,..
"Literacy rate, adult female (% of females ages 15 and above)",SE.ADT.LITR.FE.ZS,Bangladesh,BGD,62,70,71,72,72,74,..,..,..
"Literacy rate, adult female (% of females ages 15 and above)",SE.ADT.LITR.FE.ZS,Barbados,BRB,..,..,..,..,..,..,..,..,..
"Literacy rate, adult female (% of females ages 15 and above)",SE.ADT.LITR.FE.ZS,Belarus,BLR,..,..,..,100,..,..,..,..,..
"Literacy rate, adult female (% of females ages 15 and above)",SE.ADT.LITR.FE.ZS,Belgium,BEL,..,..,..,..,..,..,..,..,..
"Literacy rate, adult female (% of females ages 15 and above)",SE.ADT.LITR.FE.ZS,Belize,BLZ,91.6316070556641,..,..,..,..,..,..,..,..
"Literacy rate, adult female (% of females ages 15 and above)",SE.ADT.LITR.FE.ZS,Benin,BEN,..,28.5498504638672,..,..,..,33.1344985961914,36.4000015258789,..,..
"Literacy rate, adult female (% of females ages 15 and above)",SE.ADT.LITR.FE.ZS,Bermuda,BMU,..,..,..,..,..,..,..,..,..
"Literacy rate, adult female (% of females ages 15 and above)",SE.ADT.LITR.FE.ZS,Bhutan,BTN,..,57,..,..,..,..,63.9000015258789,..,..
"Literacy rate, adult female (% of females ages 15 and above)",SE.ADT.LITR.FE.ZS,Bolivia,BOL,89,..,..,..,91,..,..,..,..
"Literacy rate, adult female (% of females ages 15 and above)",SE.ADT.LITR.FE.ZS,Bosnia and Herzegovina,BIH,..,..,..,..,..,..,97.0999984741211,..,..
"Literacy rate, adult female (% of females ages 15 and above)",SE.ADT.LITR.FE.ZS,Botswana,BWA,..,..,..,..,..,..,..,..,..
"Literacy rate, adult female (% of females ages 15 and above)",SE.ADT.LITR.FE.ZS,Brazil,BRA,92,93,93,..,..,..,94.9199981689453,..,..
"Literacy rate, adult female (% of females ages 15 and above)",SE.ADT.LITR.FE.ZS,British Virgin Islands,VGB,..,..,..,..,..,..,..,..,..
"Literacy rate, adult female (% of females ages 15 and above)",SE.ADT.LITR.FE.ZS,Brunei Darussalam,BRN,..,..,..,..,..,96.8600006103516,..,..,..
"Literacy rate, adult female (% of females ages 15 and above)",SE.ADT.LITR.FE.ZS,Bulgaria,BGR,..,..,..,..,..,98.1699981689453,..,..,..
"Literacy rate, adult female (% of females ages 15 and above)",SE.ADT.LITR.FE.ZS,Burkina Faso,BFA,..,..,31,25,..,31.0312004089355,29.1200008392334,..,..
"Literacy rate, adult female (% of females ages 15 and above)",SE.ADT.LITR.FE.ZS,Burundi,BDI,..,61,..,..,..,..,69.4400024414062,..,..
"Literacy rate, adult female (% of females ages 15 and above)",SE.ADT.LITR.FE.ZS,Cabo Verde,CPV,82,..,..,..,..,..,87.6100006103516,..,..
"Literacy rate, adult female (% of females ages 15 and above)",SE.ADT.LITR.FE.ZS,Cambodia,KHM,75,..,..,..,..,63.6409111022949,79.6500015258789,..,..
"Literacy rate, adult female (% of females ages 15 and above)",SE.ADT.LITR.FE.ZS,Cameroon,CMR,..,..,66.1617736816406,..,73.120002746582,..,..,..,..
"Literacy rate, adult female (% of females ages 15 and above)",SE.ADT.LITR.FE.ZS,Canada,CAN,..,..,..,..,..,..,..,..,..
"Literacy rate, adult female (% of females ages 15 and above)",SE.ADT.LITR.FE.ZS,Cayman Islands,CYM,..,99,..,..,..,..,..,..,..
"Literacy rate, adult female (% of females ages 15 and above)",SE.ADT.LITR.FE.ZS,Central African Republic,CAF,..,..,26,27.1308307647705,26.2000007629395,..,..,..,..
"Literacy rate, adult female (% of females ages 15 and above)",SE.ADT.LITR.FE.ZS,Chad,TCD,13.9334096908569,..,..,18.6425495147705,..,..,18.8700008392334,..,..
"Literacy rate, adult female (% of females ages 15 and above)",SE.ADT.LITR.FE.ZS,Channel Islands,CHI,..,..,..,..,..,..,..,..,..
"Literacy rate, adult female (% of females ages 15 and above)",SE.ADT.LITR.FE.ZS,Chile,CHL,97,96,..,..,..,..,97.120002746582,..,..
"Literacy rate, adult female (% of females ages 15 and above)",SE.ADT.LITR.FE.ZS,China,CHN,..,..,..,..,95,..,..,..,..
"Literacy rate, adult female (% of females ages 15 and above)",SE.ADT.LITR.FE.ZS,Colombia,COL,94,..,95,95,96,..,..,..,..
"Literacy rate, adult female (% of females ages 15 and above)",SE.ADT.LITR.FE.ZS,Comoros,COM,..,..,..,..,..,..,56.8699989318848,..,..
"Literacy rate, adult female (% of females ages 15 and above)",SE.ADT.LITR.FE.ZS,"Congo, Dem. Rep.",COD,..,..,61.600341796875,..,..,..,71.7300033569336,..,..
"Literacy rate, adult female (% of females ages 15 and above)",SE.ADT.LITR.FE.ZS,"Congo, Rep.",COG,..,..,..,..,..,75.370002746582,..,..,..
"Literacy rate, adult female (% of females ages 15 and above)",SE.ADT.LITR.FE.ZS,Costa Rica,CRI,..,..,94.118766784668,..,..,98.0999984741211,..,..,..
"Literacy rate, adult female (% of females ages 15 and above)",SE.ADT.LITR.FE.ZS,Cote d'Ivoire,CIV,..,..,..,87,..,40.2550888061523,..,..,..
"Literacy rate, adult female (% of females ages 15 and above)",SE.ADT.LITR.FE.ZS,Croatia,HRV,..,..,..,..,..,99.2399978637695,..,..,..
"Literacy rate, adult female (% of females ages 15 and above)",SE.ADT.LITR.FE.ZS,Cuba,CUB,..,..,..,96.3534317016602,..,99.7171478271484,..,..,..
"Literacy rate, adult female (% of females ages 15 and above)",SE.ADT.LITR.FE.ZS,Curacao,CUW,..,..,..,..,..,..,..,..,..
"Literacy rate, adult female (% of females ages 15 and above)",SE.ADT.LITR.FE.ZS,Cyprus,CYP,..,..,..,..,..,99.1500015258789,..,..,..
"Literacy rate, adult female (% of females ages 15 and above)",SE.ADT.LITR.FE.ZS,Czechia,CZE,..,..,..,..,..,..,..,..,..
"Literacy rate, adult female (% of females ages 15 and above)",SE.ADT.LITR.FE.ZS,Denmark,DNK,..,..,..,..,..,..,..,..,..
"Literacy rate, adult female (% of females ages 15 and above)",SE.ADT.LITR.FE.ZS,Djibouti,DJI,..,..,..,..,..,..,..,..,..
"Literacy rate, adult female (% of females ages 15 and above)",SE.ADT.LITR.FE.ZS,Dominica,DMA,..,..,..,..,..,..,..,..,..
"Literacy rate, adult female (% of females ages 15 and above)",SE.ADT.LITR.FE.ZS,Dominican Republic,DOM,92,..,..,87.372673034668,..,..,95.5999984741211,..,..
"Literacy rate, adult female (% of females ages 15 and above)",SE.ADT.LITR.FE.ZS,Ecuador,ECU,93,92,..,..,92,94,93,..,..
"Literacy rate, adult female (% of females ages 15 and above)",SE.ADT.LITR.FE.ZS,"Egypt, Arab Rep.",EGY,..,66,..,..,..,..,68.9499969482422,..,..
"Literacy rate, adult female (% of females ages 15 and above)",SE.ADT.LITR.FE.ZS,El Salvador,SLV,86,87,87,87,89,..,..,88,..
"Literacy rate, adult female (% of females ages 15 and above)",SE.ADT.LITR.FE.ZS,Equatorial Guinea,GNQ,..,..,..,..,..,..,..,..,..
"Literacy rate, adult female (% of females ages 15 and above)",SE.ADT.LITR.FE.ZS,Eritrea,ERI,..,..,68.9461898803711,..,..,..,..,..,..
"Literacy rate, adult female (% of females ages 15 and above)",SE.ADT.LITR.FE.ZS,Estonia,EST,..,..,..,..,..,99.879997253418,..,..,..
"Literacy rate, adult female (% of females ages 15 and above)",SE.ADT.LITR.FE.ZS,Eswatini,SWZ,..,..,..,..,89.4700012207031,..,90.4126586914062,..,..
"Literacy rate, adult female (% of females ages 15 and above)",SE.ADT.LITR.FE.ZS,Ethiopia,ETH,..,44.4233818054199,..,40.3826713562012,..,..,..,..,..
"Literacy rate, adult female (% of females ages 15 and above)",SE.ADT.LITR.FE.ZS,Faroe Islands,FRO,..,..,..,..,..,..,..,..,..
"Literacy rate, adult female (% of females ages 15 and above)",SE.ADT.LITR.FE.ZS,Fiji,FJI,..,..,..,..,..,92.4281463623047,..,..,..
"Literacy rate, adult female (% of females ages 15 and above)",SE.ADT.LITR.FE.ZS,Finland,FIN,..,..,..,..,..,..,..,..,..
"Literacy rate, adult female (% of females ages 15 and above)",SE.ADT.LITR.FE.ZS,France,FRA,..,..,..,..,..,..,..,..,..
"Literacy rate, adult female (% of females ages 15 and above)",SE.ADT.LITR.FE.ZS,French Polynesia,PYF,..,..,..,..,..,..,..,..,..
"Literacy rate, adult female (% of females ages 15 and above)",SE.ADT.LITR.FE.ZS,Gabon,GAB,..,..,..,..,..,87.0662002563477,85.0400009155273,..,..
"Literacy rate, adult female (% of females ages 15 and above)",SE.ADT.LITR.FE.ZS,"Gambia, The",GMB,42,..,43.3483581542969,..,..,40.4522895812988,52.25,..,..
"Literacy rate, adult female (% of females ages 15 and above)",SE.ADT.LITR.FE.ZS,Georgia,GEO,..,99,99.6481781005859,..,..,..,100,..,..
"Literacy rate, adult female (% of females ages 15 and above)",SE.ADT.LITR.FE.ZS,Germany,DEU,..,..,..,..,..,..,..,..,..
"Literacy rate, adult female (% of females ages 15 and above)",SE.ADT.LITR.FE.ZS,Ghana,GHA,..,56.0202102661133,..,..,76.1900024414062,..,..,..,..
"Literacy rate, adult female (% of females ages 15 and above)",SE.ADT.LITR.FE.ZS,Gibraltar,GIB,..,..,..,..,..,..,..,..,..
"Literacy rate, adult female (% of females ages 15 and above)",SE.ADT.LITR.FE.ZS,Greece,GRC,..,..,..,..,..,..,..,..,..
"Literacy rate, adult female (% of females ages 15 and above)",SE.ADT.LITR.FE.ZS,Greenland,GRL,..,..,..,..,..,..,..,..,..
"Literacy rate, adult female (% of females ages 15 and above)",SE.ADT.LITR.FE.ZS,Grenada,GRD,..,..,..,..,..,..,..,..,..
"Literacy rate, adult female (% of females ages 15 and above)",SE.ADT.LITR.FE.ZS,Guam,GUM,..,..,..,..,..,..,..,..,..
"Literacy rate, adult female (% of females ages 15 and above)",SE.ADT.LITR.FE.ZS,Guatemala,GTM,75.1361923217773,..,77,..,..,..,78.6087493896484,..,..
"Literacy rate, adult female (% of females ages 15 and above)",SE.ADT.LITR.FE.ZS,Guinea,GIN,..,..,28,..,..,31.2700004577637,..,..,..
"Literacy rate, adult female (% of females ages 15 and above)",SE.ADT.LITR.FE.ZS,Guinea-Bissau,GNB,..,..,..,40.3379783630371,..,..,41,..,..
"Literacy rate, adult female (% of females ages 15 and above)",SE.ADT.LITR.FE.ZS,Guyana,GUY,..,..,..,..,86.8998336791992,..,89.6600036621094,..,..
"Literacy rate, adult female (% of females ages 15 and above)",SE.ADT.LITR.FE.ZS,Haiti,HTI,..,63.8743209838867,..,..,..,..,..,..,..
"Literacy rate, adult female (% of females ages 15 and above)",SE.ADT.LITR.FE.ZS,Honduras,HND,88,..,87,89,..,..,..,..,..
"Literacy rate, adult female (% of females ages 15 and above)",SE.ADT.LITR.FE.ZS,"Hong Kong SAR, China",HKG,..,..,..,..,..,..,..,..,..
"Literacy rate, adult female (% of females ages 15 and above)",SE.ADT.LITR.FE.ZS,Hungary,HUN,..,..,..,..,..,99.0999984741211,..,..,..
"Literacy rate, adult female (% of females ages 15 and above)",SE.ADT.LITR.FE.ZS,Iceland,ISL,..,..,..,..,..,..,..,..,..
"Literacy rate, adult female (% of females ages 15 and above)",SE.ADT.LITR.FE.ZS,India,IND,..,..,..,..,..,..,69,70,..
"Literacy rate, adult female (% of females ages 15 and above)",SE.ADT.LITR.FE.ZS,Indonesia,IDN,93,..,94,..,95,..,..,..,..
"Literacy rate, adult female (% of females ages 15 and above)",SE.ADT.LITR.FE.ZS,"Iran, Islamic Rep.",IRN,..,..,..,..,..,..,84.870002746582,..,..
"Literacy rate, adult female (% of females ages 15 and above)",SE.ADT.LITR.FE.ZS,Iraq,IRQ,..,80,76.2786636352539,..,..,..,..,..,..
"Literacy rate, adult female (% of females ages 15 and above)",SE.ADT.LITR.FE.ZS,Ireland,IRL,..,..,..,..,..,..,..,..,..
"Literacy rate, adult female (% of females ages 15 and above)",SE.ADT.LITR.FE.ZS,Isle of Man,IMN,..,..,..,..,..,..,..,..,..
"Literacy rate, adult female (% of females ages 15 and above)",SE.ADT.LITR.FE.ZS,Israel,ISR,..,..,..,..,..,..,..,..,..
"Literacy rate, adult female (% of females ages 15 and above)",SE.ADT.LITR.FE.ZS,Italy,ITA,..,..,..,99,..,..,..,..,..
"Literacy rate, adult female (% of females ages 15 and above)",SE.ADT.LITR.FE.ZS,Jamaica,JAM,..,..,..,..,..,..,90.8148727416992,..,..
"Literacy rate, adult female (% of females ages 15 and above)",SE.ADT.LITR.FE.ZS,Japan,JPN,..,..,..,..,..,..,..,..,..
"Literacy rate, adult female (% of females ages 15 and above)",SE.ADT.LITR.FE.ZS,Jordan,JOR,..,..,94.1569595336914,..,..,..,..,92,..
"Literacy rate, adult female (% of females ages 15 and above)",SE.ADT.LITR.FE.ZS,Kazakhstan,KAZ,..,..,..,..,99.8000030517578,..,..,..,..
"Literacy rate, adult female (% of females ages 15 and above)",SE.ADT.LITR.FE.ZS,Kenya,KEN,..,..,..,..,..,..,80.2699966430664,..,..
"Literacy rate, adult female (% of females ages 15 and above)",SE.ADT.LITR.FE.ZS,Kiribati,KIR,..,..,98.6115112304688,..,..,..,..,..,..
"Literacy rate, adult female (% of females ages 15 and above)",SE.ADT.LITR.FE.ZS,"Korea, Dem. People's Rep.",PRK,..,..,99.9976119995117,..,..,..,..,..,..
"Literacy rate, adult female (% of females ages 15 and above)",SE.ADT.LITR.FE.ZS,"Korea, Rep.",KOR,..,..,98.4000015258789,..,..,..,..,..,..
"Literacy rate, adult female (% of females ages 15 and above)",SE.ADT.LITR.FE.ZS,Kosovo,XKX,..,..,..,..,..,..,..,..,..
"Literacy rate, adult female (% of females ages 15 and above)",SE.ADT.LITR.FE.ZS,Kuwait,KWT,94,95,95,..,95,..,..,..,..
"Literacy rate, adult female (% of females ages 15 and above)",SE.ADT.LITR.FE.ZS,Kyrgyz Republic,KGZ,..,..,..,99.5,..,..,..,..,..
"Literacy rate, adult female (% of females ages 15 and above)",SE.ADT.LITR.FE.ZS,Lao PDR,LAO,79,..,..,..,..,..,83.370002746582,..,..
"Literacy rate, adult female (% of females ages 15 and above)",SE.ADT.LITR.FE.ZS,Latvia,LVA,..,..,..,..,..,99.9100036621094,..,..,..
"Literacy rate, adult female (% of females ages 15 and above)",SE.ADT.LITR.FE.ZS,Lebanon,LBN,..,..,90,..,..,..,..,..,..
"Literacy rate, adult female (% of females ages 15 and above)",SE.ADT.LITR.FE.ZS,Lesotho,LSO,..,..,91.7942276000977,..,..,..,89.7600021362305,..,..
"Literacy rate, adult female (% of females ages 15 and above)",SE.ADT.LITR.FE.ZS,Liberia,LBR,..,34.0922584533691,..,..,..,..,..,..,..
"Literacy rate, adult female (% of females ages 15 and above)",SE.ADT.LITR.FE.ZS,Libya,LBY,..,..,..,..,..,..,..,..,..
"Literacy rate, adult female (% of females ages 15 and above)",SE.ADT.LITR.FE.ZS,Liechtenstein,LIE,..,..,..,..,..,..,..,..,..
"Literacy rate, adult female (% of females ages 15 and above)",SE.ADT.LITR.FE.ZS,Lithuania,LTU,..,..,..,..,..,99.8499984741211,..,..,..
"Literacy rate, adult female (% of females ages 15 and above)",SE.ADT.LITR.FE.ZS,Luxembourg,LUX,..,..,..,..,..,..,..,..,..
"Literacy rate, adult female (% of females ages 15 and above)",SE.ADT.LITR.FE.ZS,"Macao SAR, China",MAC,..,..,..,..,..,95.879997253418,..,..,..
"Literacy rate, adult female (% of females ages 15 and above)",SE.ADT.LITR.FE.ZS,Madagascar,MDG,..,..,75,..,..,71.7537612915039,76.0299987792969,..,..
"Literacy rate, adult female (% of females ages 15 and above)",SE.ADT.LITR.FE.ZS,Malawi,MWI,55.2041091918945,..,..,..,62.6842613220215,..,65.0899963378906,..,..
"Literacy rate, adult female (% of females ages 15 and above)",SE.ADT.LITR.FE.ZS,Malaysia,MYS,..,94,94,94,..,..,95,..,..
"Literacy rate, adult female (% of females ages 15 and above)",SE.ADT.LITR.FE.ZS,Maldives,MDV,..,94.9146194458008,..,98.2551879882812,..,98.4100036621094,..,..,..
"Literacy rate, adult female (% of females ages 15 and above)",SE.ADT.LITR.FE.ZS,Mali,MLI,22,..,26,..,22,..,..,..,..
"Literacy rate, adult female (% of females ages 15 and above)",SE.ADT.LITR.FE.ZS,Malta,MLT,..,..,..,..,..,96.4199981689453,..,..,..
"Literacy rate, adult female (% of females ages 15 and above)",SE.ADT.LITR.FE.ZS,Marshall Islands,MHL,..,..,..,..,..,..,..,..,..
"Literacy rate, adult female (% of females ages 15 and above)",SE.ADT.LITR.FE.ZS,Mauritania,MRT,57.4347305297852,..,..,..,51.8120994567871,62.1699981689453,..,..,..
"Literacy rate, adult female (% of females ages 15 and above)",SE.ADT.LITR.FE.ZS,Mauritius,MUS,91,..,..,..,..,90.4599990844727,..,..,..
"Literacy rate, adult female (% of females ages 15 and above)",SE.ADT.LITR.FE.ZS,Mexico,MEX,93,94,95,..,94,..,..,..,..
"Literacy rate, adult female (% of females ages 15 and above)",SE.ADT.LITR.FE.ZS,"Micronesia, Fed. Sts.",FSM,..,..,..,..,..,..,..,..,..
"Literacy rate, adult female (% of females ages 15 and above)",SE.ADT.LITR.FE.ZS,Moldova,MDA,..,..,..,..,..,99.5,..,..,..
"Literacy rate, adult female (% of females ages 15 and above)",SE.ADT.LITR.FE.ZS,Monaco,MCO,..,..,..,..,..,..,..,..,..
"Literacy rate, adult female (% of females ages 15 and above)",SE.ADT.LITR.FE.ZS,Mongolia,MNG,..,..,97.9979705810547,..,99,..,..,..,..
"Literacy rate, adult female (% of females ages 15 and above)",SE.ADT.LITR.FE.ZS,Montenegro,MNE,..,..,97.9482269287109,..,..,98.5400009155273,..,..,..
"Literacy rate, adult female (% of females ages 15 and above)",SE.ADT.LITR.FE.ZS,Morocco,MAR,..,..,..,..,..,..,69.0800018310547,..,..
"Literacy rate, adult female (% of females ages 15 and above)",SE.ADT.LITR.FE.ZS,Mozambique,MOZ,43,50,..,..,49,..,..,..,..
"Literacy rate, adult female (% of females ages 15 and above)",SE.ADT.LITR.FE.ZS,Myanmar,MMR,..,..,..,86,..,..,..,..,..
"Literacy rate, adult female (% of females ages 15 and above)",SE.ADT.LITR.FE.ZS,Namibia,NAM,..,..,..,..,..,92.3300018310547,..,..,..
"Literacy rate, adult female (% of females ages 15 and above)",SE.ADT.LITR.FE.ZS,Nauru,NRU,..,..,..,..,..,..,..,..,..
"Literacy rate, adult female (% of females ages 15 and above)",SE.ADT.LITR.FE.ZS,Nepal,NPL,..,..,..,59.4137191772461,..,63.3300018310547,..,..,..
"Literacy rate, adult female (% of females ages 15 and above)",SE.ADT.LITR.FE.ZS,Netherlands,NLD,..,..,..,..,..,..,..,..,..
"Literacy rate, adult female (% of females ages 15 and above)",SE.ADT.LITR.FE.ZS,New Caledonia,NCL,..,..,..,..,..,..,..,..,..
"Literacy rate, adult female (% of females ages 15 and above)",SE.ADT.LITR.FE.ZS,New Zealand,NZL,..,..,..,..,..,..,..,..,..
"Literacy rate, adult female (% of females ages 15 and above)",SE.ADT.LITR.FE.ZS,Nicaragua,NIC,82.7793502807617,..,..,..,..,..,..,..,..
"Literacy rate, adult female (% of females ages 15 and above)",SE.ADT.LITR.FE.ZS,Niger,NER,..,..,..,..,..,..,29.7000007629395,..,..
"Literacy rate, adult female (% of females ages 15 and above)",SE.ADT.LITR.FE.ZS,Nigeria,NGA,..,..,52.6564788818359,..,..,53.25244140625,..,..,..
"Literacy rate, adult female (% of females ages 15 and above)",SE.ADT.LITR.FE.ZS,North Macedonia,MKD,..,..,97.7797393798828,..,..,..,..,..,..
"Literacy rate, adult female (% of females ages 15 and above)",SE.ADT.LITR.FE.ZS,Northern Mariana Islands,MNP,..,..,..,..,..,..,..,..,..
"Literacy rate, adult female (% of females ages 15 and above)",SE.ADT.LITR.FE.ZS,Norway,NOR,..,..,..,..,..,..,..,..,..
"Literacy rate, adult female (% of females ages 15 and above)",SE.ADT.LITR.FE.ZS,Oman,OMN,86,92,93,..,..,..,95,..,..
"Literacy rate, adult female (% of females ages 15 and above)",SE.ADT.LITR.FE.ZS,Pakistan,PAK,..,46,45,46,..,..,..,..,..
"Literacy rate, adult female (% of females ages 15 and above)",SE.ADT.LITR.FE.ZS,Palau,PLW,96,..,..,..,..,..,..,..,..
"Literacy rate, adult female (% of females ages 15 and above)",SE.ADT.LITR.FE.ZS,Panama,PAN,..,..,95,95,..,..,..,..,..
"Literacy rate, adult female (% of females ages 15 and above)",SE.ADT.LITR.FE.ZS,Papua New Guinea,PNG,..,61.5507888793945,..,..,..,..,..,..,..
"Literacy rate, adult female (% of females ages 15 and above)",SE.ADT.LITR.FE.ZS,Paraguay,PRY,95,..,94,93,94,..,..,..,..
"Literacy rate, adult female (% of females ages 15 and above)",SE.ADT.LITR.FE.ZS,Peru,PER,91,91,92,..,92,..,..,..,..
"Literacy rate, adult female (% of females ages 15 and above)",SE.ADT.LITR.FE.ZS,Philippines,PHL,98,..,..,97,99,..,97.0015029907227,..,..
"Literacy rate, adult female (% of females ages 15 and above)",SE.ADT.LITR.FE.ZS,Poland,POL,..,..,..,..,..,99.8000030517578,..,..,..
"Literacy rate, adult female (% of females ages 15 and above)",SE.ADT.LITR.FE.ZS,Portugal,PRT,..,..,..,..,..,95.9199981689453,..,..,..
"Literacy rate, adult female (% of females ages 15 and above)",SE.ADT.LITR.FE.ZS,Puerto Rico,PRI,..,92,..,..,..,92.4000015258789,..,..,..
"Literacy rate, adult female (% of females ages 15 and above)",SE.ADT.LITR.FE.ZS,Qatar,QAT,..,..,..,..,..,..,..,..,..
"Literacy rate, adult female (% of females ages 15 and above)",SE.ADT.LITR.FE.ZS,Romania,ROU,..,..,..,..,..,99,..,..,..
"Literacy rate, adult female (% of females ages 15 and above)",SE.ADT.LITR.FE.ZS,Russian Federation,RUS,..,..,..,..,..,100,..,..,..
"Literacy rate, adult female (% of females ages 15 and above)",SE.ADT.LITR.FE.ZS,Rwanda,RWA,..,..,69,..,77.8100891113281,..,77,..,..
"Literacy rate, adult female (% of females ages 15 and above)",SE.ADT.LITR.FE.ZS,Samoa,WSM,..,..,..,97.6584167480469,..,99.3000030517578,..,..,..
"Literacy rate, adult female (% of females ages 15 and above)",SE.ADT.LITR.FE.ZS,San Marino,SMR,..,..,..,..,..,..,100,..,..
"Literacy rate, adult female (% of females ages 15 and above)",SE.ADT.LITR.FE.ZS,Sao Tome and Principe,STP,..,..,..,82.7525329589844,..,..,91.0699996948242,..,..
"Literacy rate, adult female (% of females ages 15 and above)",SE.ADT.LITR.FE.ZS,Saudi Arabia,SAU,..,93,..,..,96,..,..,..,..
"Literacy rate, adult female (% of females ages 15 and above)",SE.ADT.LITR.FE.ZS,Senegal,SEN,35.1685104370117,40,40.578800201416,38.5151901245117,..,..,47.0800018310547,..,..
"Literacy rate, adult female (% of females ages 15 and above)",SE.ADT.LITR.FE.ZS,Serbia,SRB,..,..,..,99,..,..,..,..,..
"Literacy rate, adult female (% of females ages 15 and above)",SE.ADT.LITR.FE.ZS,Seychelles,SYC,..,..,..,..,96.6999969482422,..,..,..,..
"Literacy rate, adult female (% of females ages 15 and above)",SE.ADT.LITR.FE.ZS,Sierra Leone,SLE,..,36.2379913330078,..,33.942211151123,..,..,41.310001373291,..,..
"Literacy rate, adult female (% of females ages 15 and above)",SE.ADT.LITR.FE.ZS,Singapore,SGP,95,96,96,96,96,96,..,..,..
"Literacy rate, adult female (% of females ages 15 and above)",SE.ADT.LITR.FE.ZS,Sint Maarten (Dutch part),SXM,..,..,..,..,..,..,..,..,..
"Literacy rate, adult female (% of females ages 15 and above)",SE.ADT.LITR.FE.ZS,Slovak Republic,SVK,..,..,..,..,..,..,..,..,..
"Literacy rate, adult female (% of females ages 15 and above)",SE.ADT.LITR.FE.ZS,Slovenia,SVN,..,..,..,..,..,..,..,..,..
"Literacy rate, adult female (% of females ages 15 and above)",SE.ADT.LITR.FE.ZS,Solomon Islands,SLB,..,..,..,..,..,..,..,..,..
"Literacy rate, adult female (% of females ages 15 and above)",SE.ADT.LITR.FE.ZS,Somalia,SOM,..,..,..,..,..,..,44,..,..
"Literacy rate, adult female (% of females ages 15 and above)",SE.ADT.LITR.FE.ZS,South Africa,ZAF,93,86,..,95,..,89,..,..,..
"Literacy rate, adult female (% of females ages 15 and above)",SE.ADT.LITR.FE.ZS,South Sudan,SSD,..,..,28.8642597198486,..,..,..,..,..,..
"Literacy rate, adult female (% of females ages 15 and above)",SE.ADT.LITR.FE.ZS,Spain,ESP,98,..,98,..,98,..,..,..,..
"Literacy rate, adult female (% of females ages 15 and above)",SE.ADT.LITR.FE.ZS,Sri Lanka,LKA,..,91,91,92,92,92,92,..,..
"Literacy rate, adult female (% of females ages 15 and above)",SE.ADT.LITR.FE.ZS,St. Kitts and Nevis,KNA,..,..,..,..,..,..,..,..,..
"Literacy rate, adult female (% of females ages 15 and above)",SE.ADT.LITR.FE.ZS,St. Lucia,LCA,..,..,..,..,..,..,..,..,..
"Literacy rate, adult female (% of females ages 15 and above)",SE.ADT.LITR.FE.ZS,St. Martin (French part),MAF,..,..,..,..,..,..,..,..,..
"Literacy rate, adult female (% of females ages 15 and above)",SE.ADT.LITR.FE.ZS,St. Vincent and the Grenadines,VCT,..,..,..,..,..,..,..,..,..
"Literacy rate, adult female (% of females ages 15 and above)",SE.ADT.LITR.FE.ZS,Sudan,SDN,..,..,56.0632286071777,..,..,..,..,..,..
"Literacy rate, adult female (% of females ages 15 and above)",SE.ADT.LITR.FE.ZS,Suriname,SUR,..,..,..,..,..,93.4000015258789,..,..,..
"Literacy rate, adult female (% of females ages 15 and above)",SE.ADT.LITR.FE.ZS,Sweden,SWE,..,..,..,..,..,..,..,..,..
"Literacy rate, adult female (% of females ages 15 and above)",SE.ADT.LITR.FE.ZS,Switzerland,CHE,..,..,..,..,..,..,..,..,..
"Literacy rate, adult female (% of females ages 15 and above)",SE.ADT.LITR.FE.ZS,Syrian Arab Republic,SYR,..,..,..,..,..,92,..,..,..
"Literacy rate, adult female (% of females ages 15 and above)",SE.ADT.LITR.FE.ZS,Tajikistan,TJK,..,94.6219482421875,..,..,..,..,..,..,..
"Literacy rate, adult female (% of females ages 15 and above)",SE.ADT.LITR.FE.ZS,Tanzania,TZA,73,..,..,..,..,..,78.6999969482422,..,..
"Literacy rate, adult female (% of females ages 15 and above)",SE.ADT.LITR.FE.ZS,Thailand,THA,91,..,92,90.1832962036133,..,92.8000030517578,91.4859619140625,..,..
"Literacy rate, adult female (% of females ages 15 and above)",SE.ADT.LITR.FE.ZS,Timor-Leste,TLS,..,..,..,..,66.5,..,..,..,..
"Literacy rate, adult female (% of females ages 15 and above)",SE.ADT.LITR.FE.ZS,Togo,TGO,51,..,..,55,..,..,..,..,..
"Literacy rate, adult female (% of females ages 15 and above)",SE.ADT.LITR.FE.ZS,Tonga,TON,..,..,..,97.5791702270508,..,99.5,..,..,..
"Literacy rate, adult female (% of females ages 15 and above)",SE.ADT.LITR.FE.ZS,Trinidad and Tobago,TTO,..,..,..,..,..,..,93.8321380615234,..,..
"Literacy rate, adult female (% of females ages 15 and above)",SE.ADT.LITR.FE.ZS,Tunisia,TUN,..,..,71.5483627319336,74,..,..,78.2611312866211,..,..
"Literacy rate, adult female (% of females ages 15 and above)",SE.ADT.LITR.FE.ZS,Turkiye,TUR,93,93,..,94,..,..,..,..,..
"Literacy rate, adult female (% of females ages 15 and above)",SE.ADT.LITR.FE.ZS,Turkmenistan,TKM,..,..,..,99.6492919921875,..,..,..,..,..
"Literacy rate, adult female (% of females ages 15 and above)",SE.ADT.LITR.FE.ZS,Turks and Caicos Islands,TCA,..,..,..,..,..,..,..,..,..
"Literacy rate, adult female (% of females ages 15 and above)",SE.ADT.LITR.FE.ZS,Tuvalu,TUV,..,..,..,..,..,..,..,..,..
"Literacy rate, adult female (% of females ages 15 and above)",SE.ADT.LITR.FE.ZS,Uganda,UGA,..,..,..,..,..,..,76.5299987792969,..,..
"Literacy rate, adult female (% of females ages 15 and above)",SE.ADT.LITR.FE.ZS,Ukraine,UKR,..,..,..,..,..,100,..,..,..
"Literacy rate, adult female (% of females ages 15 and above)",SE.ADT.LITR.FE.ZS,United Arab Emirates,ARE,..,..,..,97,..,97,98,..,..
"Literacy rate, adult female (% of females ages 15 and above)",SE.ADT.LITR.FE.ZS,United Kingdom,GBR,..,..,..,..,..,..,..,..,..
"Literacy rate, adult female (% of females ages 15 and above)",SE.ADT.LITR.FE.ZS,United States,USA,..,..,..,..,..,..,..,..,..
"Literacy rate, adult female (% of females ages 15 and above)",SE.ADT.LITR.FE.ZS,Uruguay,URY,99,99,99,99,..,..,99,..,..
"Literacy rate, adult female (% of females ages 15 and above)",SE.ADT.LITR.FE.ZS,Uzbekistan,UZB,100,..,100,100,..,100,100,..,..
"Literacy rate, adult female (% of females ages 15 and above)",SE.ADT.LITR.FE.ZS,Vanuatu,VUT,..,..,..,..,..,88.4000015258789,..,..,..
"Literacy rate, adult female (% of females ages 15 and above)",SE.ADT.LITR.FE.ZS,"Venezuela, RB",VEN,97,..,..,..,..,..,97.7300033569336,..,..
"Literacy rate, adult female (% of females ages 15 and above)",SE.ADT.LITR.FE.ZS,Viet Nam,VNM,..,..,..,95,..,..,95,..,..
"Literacy rate, adult female (% of females ages 15 and above)",SE.ADT.LITR.FE.ZS,Virgin Islands (U.S.),VIR,..,..,..,..,..,..,..,..,..
"Literacy rate, adult female (% of females ages 15 and above)",SE.ADT.LITR.FE.ZS,West Bank and Gaza,PSE,95,95,96,96,96,..,97,..,..
"Literacy rate, adult female (% of females ages 15 and above)",SE.ADT.LITR.FE.ZS,"Yemen, Rep.",YEM,..,..,..,..,..,..,..,54.132740020752,..
"Literacy rate, adult female (% of females ages 15 and above)",SE.ADT.LITR.FE.ZS,Zambia,ZMB,..,..,62.1824989318848,..,84.3000030517578,..,..,..,..
"Literacy rate, adult female (% of females ages 15 and above)",SE.ADT.LITR.FE.ZS,Zimbabwe,ZWE,..,..,..,93.3581237792969,..,..,91.1999969482422,..,..
,,,,,,,,,,,,
,,,,,,,,,,,,
,,,,,,,,,,,,
Data from database: Gender Statistics,,,,,,,,,,,,
Last Updated: 04/17/2025,,,,,,,,,,,,
